gbifID,taxonKey,speciesKey,basisOfRecord,institutionCode,collectionCode,catalogNumber,recordNumber,identifiedBy,dateIdentified
2365686427,2308740,,PRESERVED_SPECIMEN,MPEG,ANL,MPEG.ANL 001101,,,
2365686418,9512479,9512479,PRESERVED_SPECIMEN,MPEG,ANL,MPEG.ANL 001596,,,
2365686416,9512479,9512479,PRESERVED_SPECIMEN,MPEG,ANL,MPEG.ANL 001635,,,
2365686414,2308740,,PRESERVED_SPECIMEN,MPEG,ANL,MPEG.ANL 001031,,,
2365686412,2308740,,PRESERVED_SPECIMEN,MPEG,ANL,MPEG.ANL 001036,,,
2365686409,7236626,,PRESERVED_SPECIMEN,MPEG,ANL,MPEG.ANL 000595,,,
2365686408,2308741,2308741,PRESERVED_SPECIMEN,MPEG,ANL,MPEG.ANL 001568,,,
2365686407,2316376,2316376,PRESERVED_SPECIMEN,MPEG,ANL,MPEG.ANL 000622,,,
2365686406,2308740,,PRESERVED_SPECIMEN,MPEG,ANL,MPEG.ANL 001090,,,
2365686405,2308740,,PRESERVED_SPECIMEN,MPEG,ANL,MPEG.ANL 001083,,,
2365686403,0,,PRESERVED_SPECIMEN,MPEG,ANL,MPEG.ANL 001137,,,
2365686397,2308740,,PRESERVED_SPECIMEN,MPEG,ANL,MPEG.ANL 001045,,,
2365686396,2308740,,PRESERVED_SPECIMEN,MPEG,ANL,MPEG.ANL 001001,,,
2365686394,9512479,9512479,PRESERVED_SPECIMEN,MPEG,ANL,MPEG.ANL 001595,,,
2365686393,2308740,,PRESERVED_SPECIMEN,MPEG,ANL,MPEG.ANL 001056,,,
2365686392,2316247,,PRESERVED_SPECIMEN,MPEG,ANL,MPEG.ANL 000619,,,
2365686391,11003839,11003839,PRESERVED_SPECIMEN,MPEG,ANL,MPEG.ANL 001629,,,
2365686390,9512479,9512479,PRESERVED_SPECIMEN,MPEG,ANL,MPEG.ANL 001593,,,
2365686389,2308741,2308741,PRESERVED_SPECIMEN,MPEG,ANL,MPEG.ANL 001569,,,
2365686388,2308740,,PRESERVED_SPECIMEN,MPEG,ANL,MPEG.ANL 001009,,,
2365686387,9546247,9546247,PRESERVED_SPECIMEN,MPEG,ANL,MPEG.ANL 001609,,,
2365686386,2316674,2316674,PRESERVED_SPECIMEN,MPEG,ANL,MPEG.ANL 000724,,,
2365686385,2308740,,PRESERVED_SPECIMEN,MPEG,ANL,MPEG.ANL 001034,,,
2365686384,2318007,,PRESERVED_SPECIMEN,MPEG,ANL,MPEG.ANL 000603,,,
2365686382,2316367,,PRESERVED_SPECIMEN,MPEG,ANL,MPEG.ANL 000628,,,
2365686381,2308740,,PRESERVED_SPECIMEN,MPEG,ANL,MPEG.ANL 001104,,,
2365686380,2308741,2308741,PRESERVED_SPECIMEN,MPEG,ANL,MPEG.ANL 001567,,,
2365686379,2308740,,PRESERVED_SPECIMEN,MPEG,ANL,MPEG.ANL 001005,,,
2365686377,2308740,,PRESERVED_SPECIMEN,MPEG,ANL,MPEG.ANL 001097,,,
2365686376,2308740,,PRESERVED_SPECIMEN,MPEG,ANL,MPEG.ANL 001113,,,
2365686375,2316674,2316674,PRESERVED_SPECIMEN,MPEG,ANL,MPEG.ANL 000713,,,
2365686373,2316376,2316376,PRESERVED_SPECIMEN,MPEG,ANL,MPEG.ANL 000624,,,
2365686370,2308740,,PRESERVED_SPECIMEN,MPEG,ANL,MPEG.ANL 001114,,,
2365686369,0,,PRESERVED_SPECIMEN,MPEG,ANL,MPEG.ANL 001140,,,
2365686367,2308740,,PRESERVED_SPECIMEN,MPEG,ANL,MPEG.ANL 001078,,,
2365686366,9512479,9512479,PRESERVED_SPECIMEN,MPEG,ANL,MPEG.ANL 001644,,,
2365686364,2308740,,PRESERVED_SPECIMEN,MPEG,ANL,MPEG.ANL 001061,,,
2365686362,2308740,,PRESERVED_SPECIMEN,MPEG,ANL,MPEG.ANL 001093,,,
2365686360,2308741,2308741,PRESERVED_SPECIMEN,MPEG,ANL,MPEG.ANL 001561,,,
2365686359,2308741,2308741,PRESERVED_SPECIMEN,MPEG,ANL,MPEG.ANL 001562,,,
2365686358,2308740,,PRESERVED_SPECIMEN,MPEG,ANL,MPEG.ANL 001059,,,
2365686356,9512479,9512479,PRESERVED_SPECIMEN,MPEG,ANL,MPEG.ANL 001597,,,
2365686355,2317033,2317033,PRESERVED_SPECIMEN,MPEG,ANL,MPEG.ANL 000650,,,
2365686354,2316376,2316376,PRESERVED_SPECIMEN,MPEG,ANL,MPEG.ANL 000623,,,
2365686353,2308740,,PRESERVED_SPECIMEN,MPEG,ANL,MPEG.ANL 001110,,,
2365686347,2317033,2317033,PRESERVED_SPECIMEN,MPEG,ANL,MPEG.ANL 000648,,,
2365686346,2308740,,PRESERVED_SPECIMEN,MPEG,ANL,MPEG.ANL 001012,,,
2365686343,2308740,,PRESERVED_SPECIMEN,MPEG,ANL,MPEG.ANL 001050,,,
2365686340,2308740,,PRESERVED_SPECIMEN,MPEG,ANL,MPEG.ANL 001054,,,
2365686339,2308740,,PRESERVED_SPECIMEN,MPEG,ANL,MPEG.ANL 001109,,,
2365686338,9546247,9546247,PRESERVED_SPECIMEN,MPEG,ANL,MPEG.ANL 001611,,,
2365686337,2308741,2308741,PRESERVED_SPECIMEN,MPEG,ANL,MPEG.ANL 001652,,,
2365686336,2308741,2308741,PRESERVED_SPECIMEN,MPEG,ANL,MPEG.ANL 001649,,,
2365686332,9308346,9308346,PRESERVED_SPECIMEN,MPEG,ANL,MPEG.ANL 001605,,,
2365686331,2308740,,PRESERVED_SPECIMEN,MPEG,ANL,MPEG.ANL 001021,,,
2365686330,2308740,,PRESERVED_SPECIMEN,MPEG,ANL,MPEG.ANL 001084,,,
2365686328,2316659,,PRESERVED_SPECIMEN,MPEG,ANL,MPEG.ANL 000717,,,
2365686325,2318007,,PRESERVED_SPECIMEN,MPEG,ANL,MPEG.ANL 000599,,,
2365686324,2308740,,PRESERVED_SPECIMEN,MPEG,ANL,MPEG.ANL 001107,,,
2365686320,2308741,2308741,PRESERVED_SPECIMEN,MPEG,ANL,MPEG.ANL 001647,,,
2365686318,2308740,,PRESERVED_SPECIMEN,MPEG,ANL,MPEG.ANL 001051,,,
2365686317,2308740,,PRESERVED_SPECIMEN,MPEG,ANL,MPEG.ANL 001088,,,
2365686316,2308741,2308741,PRESERVED_SPECIMEN,MPEG,ANL,MPEG.ANL 001570,,,
2365686311,2308740,,PRESERVED_SPECIMEN,MPEG,ANL,MPEG.ANL 001065,,,
2365686308,2316674,2316674,PRESERVED_SPECIMEN,MPEG,ANL,MPEG.ANL 000719,,,
2365686307,2318072,,PRESERVED_SPECIMEN,MPEG,ANL,MPEG.ANL 000594,,,
2365686304,2316674,2316674,PRESERVED_SPECIMEN,MPEG,ANL,MPEG.ANL 000714,,,
2365686303,2308740,,PRESERVED_SPECIMEN,MPEG,ANL,MPEG.ANL 001053,,,
2365686200,2316659,,PRESERVED_SPECIMEN,MPEG,ANL,MPEG.ANL 000702,,,
2365686199,2311081,,PRESERVED_SPECIMEN,MPEG,ANL,MPEG.ANL 001135,,,
2365686198,2308740,,PRESERVED_SPECIMEN,MPEG,ANL,MPEG.ANL 001085,,,
2365686193,2317033,2317033,PRESERVED_SPECIMEN,MPEG,ANL,MPEG.ANL 000651,,,
2365686192,2308741,2308741,PRESERVED_SPECIMEN,MPEG,ANL,MPEG.ANL 001566,,,
2365686191,2308741,2308741,PRESERVED_SPECIMEN,MPEG,ANL,MPEG.ANL 001571,,,
2365686190,2316674,2316674,PRESERVED_SPECIMEN,MPEG,ANL,MPEG.ANL 000725,,,
2365686189,9372448,9372448,PRESERVED_SPECIMEN,MPEG,ANL,MPEG.ANL 001661,,,
2365686187,4410234,4410235,PRESERVED_SPECIMEN,MPEG,ANL,MPEG.ANL 001615,,,
2365686184,9512479,9512479,PRESERVED_SPECIMEN,MPEG,ANL,MPEG.ANL 001637,,,
2365686180,2308741,2308741,PRESERVED_SPECIMEN,MPEG,ANL,MPEG.ANL 001651,,,
2365686177,11003839,11003839,PRESERVED_SPECIMEN,MPEG,ANL,MPEG.ANL 001624,,,
2365686175,2308740,,PRESERVED_SPECIMEN,MPEG,ANL,MPEG.ANL 001092,,,
2365686174,2308740,,PRESERVED_SPECIMEN,MPEG,ANL,MPEG.ANL 001004,,,
2365686173,2308740,,PRESERVED_SPECIMEN,MPEG,ANL,MPEG.ANL 001008,,,
2365686171,2308740,,PRESERVED_SPECIMEN,MPEG,ANL,MPEG.ANL 001116,,,
2365686165,2308740,,PRESERVED_SPECIMEN,MPEG,ANL,MPEG.ANL 001074,,,
2365686160,2308740,,PRESERVED_SPECIMEN,MPEG,ANL,MPEG.ANL 001094,,,
2365686158,2316659,,PRESERVED_SPECIMEN,MPEG,ANL,MPEG.ANL 000723,,,
2365686157,11003839,11003839,PRESERVED_SPECIMEN,MPEG,ANL,MPEG.ANL 001622,,,
2365686154,2308741,2308741,PRESERVED_SPECIMEN,MPEG,ANL,MPEG.ANL 001653,,,
2365686151,2318072,,PRESERVED_SPECIMEN,MPEG,ANL,MPEG.ANL 000607,,,
2365686149,4410238,4410238,PRESERVED_SPECIMEN,MPEG,ANL,MPEG.ANL 001630,,,
2365686148,4410238,4410238,PRESERVED_SPECIMEN,MPEG,ANL,MPEG.ANL 001617,,,
2365686145,2308740,,PRESERVED_SPECIMEN,MPEG,ANL,MPEG.ANL 001133,,,
2365686144,2316376,2316376,PRESERVED_SPECIMEN,MPEG,ANL,MPEG.ANL 000616,,,
2365686139,2308741,2308741,PRESERVED_SPECIMEN,MPEG,ANL,MPEG.ANL 001655,,,
2365686135,2308740,,PRESERVED_SPECIMEN,MPEG,ANL,MPEG.ANL 001115,,,
2365686133,2316376,2316376,PRESERVED_SPECIMEN,MPEG,ANL,MPEG.ANL 000618,,,
2365686132,2316659,,PRESERVED_SPECIMEN,MPEG,ANL,MPEG.ANL 000706,,,
2365686129,2308740,,PRESERVED_SPECIMEN,MPEG,ANL,MPEG.ANL 001030,,,
2365686128,2308740,,PRESERVED_SPECIMEN,MPEG,ANL,MPEG.ANL 001049,,,
2365686125,2308740,,PRESERVED_SPECIMEN,MPEG,ANL,MPEG.ANL 001022,,,
2365686124,2308740,,PRESERVED_SPECIMEN,MPEG,ANL,MPEG.ANL 001043,,,
2365686123,2308740,,PRESERVED_SPECIMEN,MPEG,ANL,MPEG.ANL 001035,,,
2365686117,2308740,,PRESERVED_SPECIMEN,MPEG,ANL,MPEG.ANL 001112,,,
2365686116,2308741,2308741,PRESERVED_SPECIMEN,MPEG,ANL,MPEG.ANL 001654,,,
2365686115,2318007,,PRESERVED_SPECIMEN,MPEG,ANL,MPEG.ANL 000600,,,
2365686113,2318007,,PRESERVED_SPECIMEN,MPEG,ANL,MPEG.ANL 000589,,,
2365686111,4410238,4410238,PRESERVED_SPECIMEN,MPEG,ANL,MPEG.ANL 001631,,,
2365686110,11003839,11003839,PRESERVED_SPECIMEN,MPEG,ANL,MPEG.ANL 001623,,,
2365686106,2316376,2316376,PRESERVED_SPECIMEN,MPEG,ANL,MPEG.ANL 000625,,,
2365686105,2308740,,PRESERVED_SPECIMEN,MPEG,ANL,MPEG.ANL 001033,,,
2365686103,2318007,,PRESERVED_SPECIMEN,MPEG,ANL,MPEG.ANL 000588,,,
2365686100,2316247,,PRESERVED_SPECIMEN,MPEG,ANL,MPEG.ANL 000617,,,
2365686098,2326462,2326462,PRESERVED_SPECIMEN,MPEG,ANL,MPEG.ANL 001557,,,
2365686094,2308741,2308741,PRESERVED_SPECIMEN,MPEG,ANL,MPEG.ANL 001563,,,
2365686088,9512479,9512479,PRESERVED_SPECIMEN,MPEG,ANL,MPEG.ANL 001640,,,
2365686087,2326462,2326462,PRESERVED_SPECIMEN,MPEG,ANL,MPEG.ANL 001556,,,
2365686085,7236626,,PRESERVED_SPECIMEN,MPEG,ANL,MPEG.ANL 000608,,,
2365686083,2308740,,PRESERVED_SPECIMEN,MPEG,ANL,MPEG.ANL 001589,,,
2365686081,2308740,,PRESERVED_SPECIMEN,MPEG,ANL,MPEG.ANL 001015,,,
2365686079,2308740,,PRESERVED_SPECIMEN,MPEG,ANL,MPEG.ANL 001042,,,
2365686078,2308740,,PRESERVED_SPECIMEN,MPEG,ANL,MPEG.ANL 001102,,,
2365686077,2308740,,PRESERVED_SPECIMEN,MPEG,ANL,MPEG.ANL 001010,,,
2365686076,2308740,,PRESERVED_SPECIMEN,MPEG,ANL,MPEG.ANL 001103,,,
2365686074,2308740,,PRESERVED_SPECIMEN,MPEG,ANL,MPEG.ANL 001032,,,
2365686070,2315332,,PRESERVED_SPECIMEN,MPEG,ANL,MPEG.ANL 000630,,,
2365686066,2308740,,PRESERVED_SPECIMEN,MPEG,ANL,MPEG.ANL 001066,,,
2365686065,2318072,,PRESERVED_SPECIMEN,MPEG,ANL,MPEG.ANL 000597,,,
2365686061,2311081,,PRESERVED_SPECIMEN,MPEG,ANL,MPEG.ANL 001136,,,
2365686058,2308740,,PRESERVED_SPECIMEN,MPEG,ANL,MPEG.ANL 001120,,,
2365686056,2308741,2308741,PRESERVED_SPECIMEN,MPEG,ANL,MPEG.ANL 001645,,,
2365686052,2308740,,PRESERVED_SPECIMEN,MPEG,ANL,MPEG.ANL 001095,,,
2365686049,2308740,,PRESERVED_SPECIMEN,MPEG,ANL,MPEG.ANL 001106,,,
2365686044,2308740,,PRESERVED_SPECIMEN,MPEG,ANL,MPEG.ANL 001087,,,
2365686040,2308740,,PRESERVED_SPECIMEN,MPEG,ANL,MPEG.ANL 001062,,,
2365686036,2318007,,PRESERVED_SPECIMEN,MPEG,ANL,MPEG.ANL 000601,,,
2365686034,2317033,2317033,PRESERVED_SPECIMEN,MPEG,ANL,MPEG.ANL 000649,,,
2365686023,2308741,2308741,PRESERVED_SPECIMEN,MPEG,ANL,MPEG.ANL 001572,,,
2365686021,2318007,,PRESERVED_SPECIMEN,MPEG,ANL,MPEG.ANL 000609,,,
2365686020,2308740,,PRESERVED_SPECIMEN,MPEG,ANL,MPEG.ANL 001068,,,
2365686019,2308740,,PRESERVED_SPECIMEN,MPEG,ANL,MPEG.ANL 001069,,,
2365686018,2308740,,PRESERVED_SPECIMEN,MPEG,ANL,MPEG.ANL 001132,,,
2365686016,2308740,,PRESERVED_SPECIMEN,MPEG,ANL,MPEG.ANL 001018,,,
2365686010,2308740,,PRESERVED_SPECIMEN,MPEG,ANL,MPEG.ANL 001003,,,
2365686006,9512479,9512479,PRESERVED_SPECIMEN,MPEG,ANL,MPEG.ANL 001638,,,
2365686000,2308740,,PRESERVED_SPECIMEN,MPEG,ANL,MPEG.ANL 001044,,,
2365685996,2308741,2308741,PRESERVED_SPECIMEN,MPEG,ANL,MPEG.ANL 001585,,,
2365685995,2308740,,PRESERVED_SPECIMEN,MPEG,ANL,MPEG.ANL 001098,,,
2365685991,2308740,,PRESERVED_SPECIMEN,MPEG,ANL,MPEG.ANL 001029,,,
2365685989,2308740,,PRESERVED_SPECIMEN,MPEG,ANL,MPEG.ANL 001118,,,
2365685987,4410234,4410235,PRESERVED_SPECIMEN,MPEG,ANL,MPEG.ANL 001613,,,
2365685986,2316674,2316674,PRESERVED_SPECIMEN,MPEG,ANL,MPEG.ANL 000716,,,
2365685984,2308740,,PRESERVED_SPECIMEN,MPEG,ANL,MPEG.ANL 001096,,,
2365685982,9308346,9308346,PRESERVED_SPECIMEN,MPEG,ANL,MPEG.ANL 001606,,,
2365685978,9308346,9308346,PRESERVED_SPECIMEN,MPEG,ANL,MPEG.ANL 001607,,,
2365685977,2318072,,PRESERVED_SPECIMEN,MPEG,ANL,MPEG.ANL 000591,,,
2365685974,4410238,4410238,PRESERVED_SPECIMEN,MPEG,ANL,MPEG.ANL 001634,,,
2365685973,2316674,2316674,PRESERVED_SPECIMEN,MPEG,ANL,MPEG.ANL 000718,,,
2365685971,7236626,,PRESERVED_SPECIMEN,MPEG,ANL,MPEG.ANL 000596,,,
2365685967,2308740,,PRESERVED_SPECIMEN,MPEG,ANL,MPEG.ANL 001016,,,
2365685963,2308740,,PRESERVED_SPECIMEN,MPEG,ANL,MPEG.ANL 001592,,,
2365685962,11003839,11003839,PRESERVED_SPECIMEN,MPEG,ANL,MPEG.ANL 001628,,,
2365685961,2308740,,PRESERVED_SPECIMEN,MPEG,ANL,MPEG.ANL 001052,,,
2365685960,2308740,,PRESERVED_SPECIMEN,MPEG,ANL,MPEG.ANL 001075,,,
2365685959,2308740,,PRESERVED_SPECIMEN,MPEG,ANL,MPEG.ANL 001006,,,
2365685953,2308741,2308741,PRESERVED_SPECIMEN,MPEG,ANL,MPEG.ANL 001581,,,
2365685948,2316247,,PRESERVED_SPECIMEN,MPEG,ANL,MPEG.ANL 000613,,,
2365685947,2308740,,PRESERVED_SPECIMEN,MPEG,ANL,MPEG.ANL 001041,,,
2365685946,2308106,,PRESERVED_SPECIMEN,MPEG,ANL,MPEG.ANL 000621,,,
2365685944,2308741,2308741,PRESERVED_SPECIMEN,MPEG,ANL,MPEG.ANL 001656,,,
2365685943,2316674,2316674,PRESERVED_SPECIMEN,MPEG,ANL,MPEG.ANL 000721,,,
2365685936,2308740,,PRESERVED_SPECIMEN,MPEG,ANL,MPEG.ANL 001071,,,
2365685935,2308740,,PRESERVED_SPECIMEN,MPEG,ANL,MPEG.ANL 001048,,,
2365685933,0,,PRESERVED_SPECIMEN,MPEG,ANL,MPEG.ANL 001139,,,
2365685932,9546247,9546247,PRESERVED_SPECIMEN,MPEG,ANL,MPEG.ANL 001610,,,
2365685929,2316674,2316674,PRESERVED_SPECIMEN,MPEG,ANL,MPEG.ANL 000722,,,
2365685924,2308740,,PRESERVED_SPECIMEN,MPEG,ANL,MPEG.ANL 001039,,,
2365685923,2308740,,PRESERVED_SPECIMEN,MPEG,ANL,MPEG.ANL 001077,,,
2365685922,8166676,,PRESERVED_SPECIMEN,MPEG,ANL,MPEG.ANL 000582,,,
2365685919,9512479,9512479,PRESERVED_SPECIMEN,MPEG,ANL,MPEG.ANL 001642,,,
2365685915,9588531,9687779,PRESERVED_SPECIMEN,MPEG,ANL,MPEG.ANL 001658,,,
2365685914,2308740,,PRESERVED_SPECIMEN,MPEG,ANL,MPEG.ANL 001026,,,
2365685911,11003839,11003839,PRESERVED_SPECIMEN,MPEG,ANL,MPEG.ANL 001625,,,
2365685908,9546247,9546247,PRESERVED_SPECIMEN,MPEG,ANL,MPEG.ANL 001608,,,
2365685903,2316247,,PRESERVED_SPECIMEN,MPEG,ANL,MPEG.ANL 000611,,,
2365685902,2308740,,PRESERVED_SPECIMEN,MPEG,ANL,MPEG.ANL 001055,,,
2365685901,2316674,2316674,PRESERVED_SPECIMEN,MPEG,ANL,MPEG.ANL 000707,,,
2365685899,255,,PRESERVED_SPECIMEN,MPEG,ANL,MPEG.ANL 000583,,,
2365685898,2316799,,PRESERVED_SPECIMEN,MPEG,ANL,MPEG.ANL 000664,,,
2365685896,2308740,,PRESERVED_SPECIMEN,MPEG,ANL,MPEG.ANL 001064,,,
2365685893,2308740,,PRESERVED_SPECIMEN,MPEG,ANL,MPEG.ANL 001037,,,
2365685886,2308740,,PRESERVED_SPECIMEN,MPEG,ANL,MPEG.ANL 001070,,,
2365685884,2308740,,PRESERVED_SPECIMEN,MPEG,ANL,MPEG.ANL 001089,,,
2365685882,2308740,,PRESERVED_SPECIMEN,MPEG,ANL,MPEG.ANL 001117,,,
2365685877,9372448,9372448,PRESERVED_SPECIMEN,MPEG,ANL,MPEG.ANL 001598,,,
2365685876,2308740,,PRESERVED_SPECIMEN,MPEG,ANL,MPEG.ANL 001091,,,
2365685875,2308740,,PRESERVED_SPECIMEN,MPEG,ANL,MPEG.ANL 001081,,,
2365685874,2326462,2326462,PRESERVED_SPECIMEN,MPEG,ANL,MPEG.ANL 001156,,,
2365685871,2316376,2316376,PRESERVED_SPECIMEN,MPEG,ANL,MPEG.ANL 000610,,,
2365685870,2316674,2316674,PRESERVED_SPECIMEN,MPEG,ANL,MPEG.ANL 000703,,,
2365685867,9372448,9372448,PRESERVED_SPECIMEN,MPEG,ANL,MPEG.ANL 001660,,,
2365685865,4410234,4410235,PRESERVED_SPECIMEN,MPEG,ANL,MPEG.ANL 001614,,,
2365685861,2308740,,PRESERVED_SPECIMEN,MPEG,ANL,MPEG.ANL 001130,,,
2365685860,11003839,11003839,PRESERVED_SPECIMEN,MPEG,ANL,MPEG.ANL 001627,,,
2365685859,2316659,,PRESERVED_SPECIMEN,MPEG,ANL,MPEG.ANL 000704,,,
2365685855,2308741,2308741,PRESERVED_SPECIMEN,MPEG,ANL,MPEG.ANL 001582,,,
2365685854,2316376,2316376,PRESERVED_SPECIMEN,MPEG,ANL,MPEG.ANL 000612,,,
2365685852,2308740,,PRESERVED_SPECIMEN,MPEG,ANL,MPEG.ANL 001038,,,
2365685851,2308741,2308741,PRESERVED_SPECIMEN,MPEG,ANL,MPEG.ANL 001648,,,
2365685848,2308741,2308741,PRESERVED_SPECIMEN,MPEG,ANL,MPEG.ANL 001577,,,
2365685847,2316674,2316674,PRESERVED_SPECIMEN,MPEG,ANL,MPEG.ANL 000720,,,
2365685846,2308740,,PRESERVED_SPECIMEN,MPEG,ANL,MPEG.ANL 001007,,,
2365685845,2316799,,PRESERVED_SPECIMEN,MPEG,ANL,MPEG.ANL 000661,,,
2365685844,2316674,2316674,PRESERVED_SPECIMEN,MPEG,ANL,MPEG.ANL 000705,,,
2365685842,2308740,,PRESERVED_SPECIMEN,MPEG,ANL,MPEG.ANL 001126,,,
2365685841,2308740,,PRESERVED_SPECIMEN,MPEG,ANL,MPEG.ANL 001073,,,
2365685840,2308740,,PRESERVED_SPECIMEN,MPEG,ANL,MPEG.ANL 001080,,,
2365685837,4410234,4410235,PRESERVED_SPECIMEN,MPEG,ANL,MPEG.ANL 001612,,,
2365685833,2308740,,PRESERVED_SPECIMEN,MPEG,ANL,MPEG.ANL 001027,,,
2365685831,4410238,4410238,PRESERVED_SPECIMEN,MPEG,ANL,MPEG.ANL 001619,,,
2365685830,2308741,2308741,PRESERVED_SPECIMEN,MPEG,ANL,MPEG.ANL 001650,,,
2365685828,9308346,9308346,PRESERVED_SPECIMEN,MPEG,ANL,MPEG.ANL 001603,,,
2365685826,2308740,,PRESERVED_SPECIMEN,MPEG,ANL,MPEG.ANL 001017,,,
2365685825,2318007,,PRESERVED_SPECIMEN,MPEG,ANL,MPEG.ANL 000586,,,
2365685824,2316674,2316674,PRESERVED_SPECIMEN,MPEG,ANL,MPEG.ANL 000710,,,
2365685823,4410238,4410238,PRESERVED_SPECIMEN,MPEG,ANL,MPEG.ANL 001618,,,
2365685818,9372448,9372448,PRESERVED_SPECIMEN,MPEG,ANL,MPEG.ANL 001602,,,
2365685817,2308740,,PRESERVED_SPECIMEN,MPEG,ANL,MPEG.ANL 001023,,,
2365685816,2318072,,PRESERVED_SPECIMEN,MPEG,ANL,MPEG.ANL 000593,,,
2365685814,4410238,4410238,PRESERVED_SPECIMEN,MPEG,ANL,MPEG.ANL 001621,,,
2365685810,2308741,2308741,PRESERVED_SPECIMEN,MPEG,ANL,MPEG.ANL 001646,,,
2365685809,2308741,2308741,PRESERVED_SPECIMEN,MPEG,ANL,MPEG.ANL 001586,,,
2365685807,2308741,2308741,PRESERVED_SPECIMEN,MPEG,ANL,MPEG.ANL 001578,,,
2365685806,2317033,2317033,PRESERVED_SPECIMEN,MPEG,ANL,MPEG.ANL 000646,,,
2365685805,2318072,,PRESERVED_SPECIMEN,MPEG,ANL,MPEG.ANL 000742,,,
2365685800,2308740,,PRESERVED_SPECIMEN,MPEG,ANL,MPEG.ANL 001587,,,
2365685799,4410238,4410238,PRESERVED_SPECIMEN,MPEG,ANL,MPEG.ANL 001620,,,
2365685798,2318007,,PRESERVED_SPECIMEN,MPEG,ANL,MPEG.ANL 000606,,,
2365685797,2308740,,PRESERVED_SPECIMEN,MPEG,ANL,MPEG.ANL 001063,,,
2365685796,2317033,2317033,PRESERVED_SPECIMEN,MPEG,ANL,MPEG.ANL 000662,,,
2365685795,2308740,,PRESERVED_SPECIMEN,MPEG,ANL,MPEG.ANL 001127,,,
2365685794,2308740,,PRESERVED_SPECIMEN,MPEG,ANL,MPEG.ANL 001072,,,
2365685792,2308740,,PRESERVED_SPECIMEN,MPEG,ANL,MPEG.ANL 001025,,,
2365685791,2317033,2317033,PRESERVED_SPECIMEN,MPEG,ANL,MPEG.ANL 000647,,,
2365685790,2308740,,PRESERVED_SPECIMEN,MPEG,ANL,MPEG.ANL 001028,,,
2365685789,2308740,,PRESERVED_SPECIMEN,MPEG,ANL,MPEG.ANL 001111,,,
2365685788,2318072,,PRESERVED_SPECIMEN,MPEG,ANL,MPEG.ANL 000605,,,
2365685787,2308740,,PRESERVED_SPECIMEN,MPEG,ANL,MPEG.ANL 001100,,,
2365685786,2308741,2308741,PRESERVED_SPECIMEN,MPEG,ANL,MPEG.ANL 001559,,,
2365685783,2308740,,PRESERVED_SPECIMEN,MPEG,ANL,MPEG.ANL 001123,,,
2365685781,2318007,,PRESERVED_SPECIMEN,MPEG,ANL,MPEG.ANL 000598,,,
2365685779,2308740,,PRESERVED_SPECIMEN,MPEG,ANL,MPEG.ANL 001076,,,
2365685778,9372448,9372448,PRESERVED_SPECIMEN,MPEG,ANL,MPEG.ANL 001659,,,
2365685774,4410238,4410238,PRESERVED_SPECIMEN,MPEG,ANL,MPEG.ANL 001633,,,
2365685773,2308740,,PRESERVED_SPECIMEN,MPEG,ANL,MPEG.ANL 001099,,,
2365685769,9372448,9372448,PRESERVED_SPECIMEN,MPEG,ANL,MPEG.ANL 001599,,,
2365685764,2318007,,PRESERVED_SPECIMEN,MPEG,ANL,MPEG.ANL 000604,,,
2365685762,2318072,,PRESERVED_SPECIMEN,MPEG,ANL,MPEG.ANL 000587,,,
2365685759,2308740,,PRESERVED_SPECIMEN,MPEG,ANL,MPEG.ANL 001014,,,
2365685756,2308740,,PRESERVED_SPECIMEN,MPEG,ANL,MPEG.ANL 001128,,,
2365685755,2308740,,PRESERVED_SPECIMEN,MPEG,ANL,MPEG.ANL 001125,,,
2365685750,2316674,2316674,PRESERVED_SPECIMEN,MPEG,ANL,MPEG.ANL 000727,,,
2365685749,2316674,2316674,PRESERVED_SPECIMEN,MPEG,ANL,MPEG.ANL 000709,,,
2365685748,2308741,2308741,PRESERVED_SPECIMEN,MPEG,ANL,MPEG.ANL 001558,,,
2365685746,2316674,2316674,PRESERVED_SPECIMEN,MPEG,ANL,MPEG.ANL 000711,,,
2365685744,9512479,9512479,PRESERVED_SPECIMEN,MPEG,ANL,MPEG.ANL 001641,,,
2365685742,2308740,,PRESERVED_SPECIMEN,MPEG,ANL,MPEG.ANL 001019,,,
2365685740,2316674,2316674,PRESERVED_SPECIMEN,MPEG,ANL,MPEG.ANL 000712,,,
2365685739,2308740,,PRESERVED_SPECIMEN,MPEG,ANL,MPEG.ANL 001121,,,
2365685733,2308741,2308741,PRESERVED_SPECIMEN,MPEG,ANL,MPEG.ANL 001560,,,
2365685732,2308741,2308741,PRESERVED_SPECIMEN,MPEG,ANL,MPEG.ANL 001580,,,
2365685731,2318072,,PRESERVED_SPECIMEN,MPEG,ANL,MPEG.ANL 000584,,,
2365685729,9372448,9372448,PRESERVED_SPECIMEN,MPEG,ANL,MPEG.ANL 001600,,,
2365685726,2308740,,PRESERVED_SPECIMEN,MPEG,ANL,MPEG.ANL 001105,,,
2365685723,2308740,,PRESERVED_SPECIMEN,MPEG,ANL,MPEG.ANL 001011,,,
2365685722,2316674,2316674,PRESERVED_SPECIMEN,MPEG,ANL,MPEG.ANL 000708,,,
2365685720,2308740,,PRESERVED_SPECIMEN,MPEG,ANL,MPEG.ANL 001058,,,
2365685714,9512479,9512479,PRESERVED_SPECIMEN,MPEG,ANL,MPEG.ANL 001636,,,
2365685708,2316376,2316376,PRESERVED_SPECIMEN,MPEG,ANL,MPEG.ANL 000627,,,
2365685707,2308740,,PRESERVED_SPECIMEN,MPEG,ANL,MPEG.ANL 001047,,,
2365685705,2308740,,PRESERVED_SPECIMEN,MPEG,ANL,MPEG.ANL 001108,,,
2365685704,2308740,,PRESERVED_SPECIMEN,MPEG,ANL,MPEG.ANL 001020,,,
2365685703,2316674,2316674,PRESERVED_SPECIMEN,MPEG,ANL,MPEG.ANL 000715,,,
2365685699,2308740,,PRESERVED_SPECIMEN,MPEG,ANL,MPEG.ANL 001002,,,
2365685697,2308740,,PRESERVED_SPECIMEN,MPEG,ANL,MPEG.ANL 001119,,,
2365685691,4410238,4410238,PRESERVED_SPECIMEN,MPEG,ANL,MPEG.ANL 001632,,,
2365685689,2316367,,PRESERVED_SPECIMEN,MPEG,ANL,MPEG.ANL 000629,,,
2365685685,2308741,2308741,PRESERVED_SPECIMEN,MPEG,ANL,MPEG.ANL 001564,,,
2365685684,2316376,2316376,PRESERVED_SPECIMEN,MPEG,ANL,MPEG.ANL 000626,,,
2365685677,2308740,,PRESERVED_SPECIMEN,MPEG,ANL,MPEG.ANL 001057,,,
2365685666,2308740,,PRESERVED_SPECIMEN,MPEG,ANL,MPEG.ANL 001060,,,
2365685663,2316376,2316376,PRESERVED_SPECIMEN,MPEG,ANL,MPEG.ANL 000620,,,
2365685658,2308740,,PRESERVED_SPECIMEN,MPEG,ANL,MPEG.ANL 001013,,,
2365685655,2308741,2308741,PRESERVED_SPECIMEN,MPEG,ANL,MPEG.ANL 001573,,,
2365685650,2316659,,PRESERVED_SPECIMEN,MPEG,ANL,MPEG.ANL 000726,,,
2365685649,2316376,2316376,PRESERVED_SPECIMEN,MPEG,ANL,MPEG.ANL 000615,,,
2365685646,2308740,,PRESERVED_SPECIMEN,MPEG,ANL,MPEG.ANL 001591,,,
2365685644,9512479,9512479,PRESERVED_SPECIMEN,MPEG,ANL,MPEG.ANL 001643,,,
2365685643,2318072,,PRESERVED_SPECIMEN,MPEG,ANL,MPEG.ANL 000592,,,
2365685639,2308740,,PRESERVED_SPECIMEN,MPEG,ANL,MPEG.ANL 001067,,,
2365685637,2308740,,PRESERVED_SPECIMEN,MPEG,ANL,MPEG.ANL 001122,,,
2365685631,2311081,,PRESERVED_SPECIMEN,MPEG,ANL,MPEG.ANL 001138,,,
2365685624,2308740,,PRESERVED_SPECIMEN,MPEG,ANL,MPEG.ANL 001046,,,
2365685598,2308741,2308741,PRESERVED_SPECIMEN,MPEG,ANL,MPEG.ANL 001657,,,
2365685596,9308346,9308346,PRESERVED_SPECIMEN,MPEG,ANL,MPEG.ANL 001604,,,
2365685592,2308740,,PRESERVED_SPECIMEN,MPEG,ANL,MPEG.ANL 001124,,,
2365685587,2308740,,PRESERVED_SPECIMEN,MPEG,ANL,MPEG.ANL 001082,,,
2365685580,2308740,,PRESERVED_SPECIMEN,MPEG,ANL,MPEG.ANL 001024,,,
2365685578,2316247,,PRESERVED_SPECIMEN,MPEG,ANL,MPEG.ANL 000614,,,
2365685573,2308740,,PRESERVED_SPECIMEN,MPEG,ANL,MPEG.ANL 001079,,,
2365685562,4410234,4410235,PRESERVED_SPECIMEN,MPEG,ANL,MPEG.ANL 001616,,,
2365685559,0,,PRESERVED_SPECIMEN,MPEG,ANL,MPEG.ANL 001141,,,
2365685556,2308740,,PRESERVED_SPECIMEN,MPEG,ANL,MPEG.ANL 001040,,,
2365685552,2308740,,PRESERVED_SPECIMEN,MPEG,ANL,MPEG.ANL 001588,,,
2365685550,2318072,,PRESERVED_SPECIMEN,MPEG,ANL,MPEG.ANL 000602,,,
2365685534,9372448,9372448,PRESERVED_SPECIMEN,MPEG,ANL,MPEG.ANL 001601,,,
2365685521,2308741,2308741,PRESERVED_SPECIMEN,MPEG,ANL,MPEG.ANL 001565,,,
2365685520,9512479,9512479,PRESERVED_SPECIMEN,MPEG,ANL,MPEG.ANL 001594,,,
2365685516,2318007,,PRESERVED_SPECIMEN,MPEG,ANL,MPEG.ANL 000590,,,
2365685498,2318072,,PRESERVED_SPECIMEN,MPEG,ANL,MPEG.ANL 000585,,,
2365685493,2308741,2308741,PRESERVED_SPECIMEN,MPEG,ANL,MPEG.ANL 001579,,,
2365685489,9512479,9512479,PRESERVED_SPECIMEN,MPEG,ANL,MPEG.ANL 001639,,,
2365685488,2308740,,PRESERVED_SPECIMEN,MPEG,ANL,MPEG.ANL 001129,,,
2365685480,11003839,11003839,PRESERVED_SPECIMEN,MPEG,ANL,MPEG.ANL 001626,,,
2365685469,2308741,2308741,PRESERVED_SPECIMEN,MPEG,ANL,MPEG.ANL 001576,,,
2365685456,2308740,,PRESERVED_SPECIMEN,MPEG,ANL,MPEG.ANL 001086,,,
2365685454,2308741,2308741,PRESERVED_SPECIMEN,MPEG,ANL,MPEG.ANL 001575,,,
2365685449,2308741,2308741,PRESERVED_SPECIMEN,MPEG,ANL,MPEG.ANL 001583,,,
2365685447,2308740,,PRESERVED_SPECIMEN,MPEG,ANL,MPEG.ANL 001134,,,
2365685445,2308740,,PRESERVED_SPECIMEN,MPEG,ANL,MPEG.ANL 001131,,,
2365685434,2308740,,PRESERVED_SPECIMEN,MPEG,ANL,MPEG.ANL 001590,,,
2365685432,2308741,2308741,PRESERVED_SPECIMEN,MPEG,ANL,MPEG.ANL 001584,,,
2365685426,2308741,2308741,PRESERVED_SPECIMEN,MPEG,ANL,MPEG.ANL 001574,,,
1913497256,8166676,,PRESERVED_SPECIMEN,MPEG,ANL,MPEG.ANL 000575,,,
1913497255,8166676,,PRESERVED_SPECIMEN,MPEG,ANL,MPEG.ANL 000573,,,
1913497254,6964,,PRESERVED_SPECIMEN,MPEG,ANL,MPEG.ANL 000555,,,
1913497253,8166676,,PRESERVED_SPECIMEN,MPEG,ANL,MPEG.ANL 000577,,,
1913497252,2487,,PRESERVED_SPECIMEN,MPEG,ANL,MPEG.ANL 000570,,,
1913497251,6964,,PRESERVED_SPECIMEN,MPEG,ANL,MPEG.ANL 000559,,,
1913497250,6964,,PRESERVED_SPECIMEN,MPEG,ANL,MPEG.ANL 000549,,,
1913497249,6964,,PRESERVED_SPECIMEN,MPEG,ANL,MPEG.ANL 000563,,,
1913497248,6964,,PRESERVED_SPECIMEN,MPEG,ANL,MPEG.ANL 000562,,,
1913497247,6964,,PRESERVED_SPECIMEN,MPEG,ANL,MPEG.ANL 000561,,,
1913497246,255,,PRESERVED_SPECIMEN,MPEG,ANL,MPEG.ANL 000581,,,
1913497245,8166676,,PRESERVED_SPECIMEN,MPEG,ANL,MPEG.ANL 000535,,,
1913497244,8166676,,PRESERVED_SPECIMEN,MPEG,ANL,MPEG.ANL 000534,,,
1913497243,6964,,PRESERVED_SPECIMEN,MPEG,ANL,MPEG.ANL 000558,,,
1913497242,6964,,PRESERVED_SPECIMEN,MPEG,ANL,MPEG.ANL 000552,,,
1913497241,8166676,,PRESERVED_SPECIMEN,MPEG,ANL,MPEG.ANL 000569,,,
1913497240,8166676,,PRESERVED_SPECIMEN,MPEG,ANL,MPEG.ANL 000538,,,
1913497239,8166676,,PRESERVED_SPECIMEN,MPEG,ANL,MPEG.ANL 000539,,,
1913497238,8166676,,PRESERVED_SPECIMEN,MPEG,ANL,MPEG.ANL 000571,,,
1913497237,8166676,,PRESERVED_SPECIMEN,MPEG,ANL,MPEG.ANL 000572,,,
1913497236,8166676,,PRESERVED_SPECIMEN,MPEG,ANL,MPEG.ANL 000578,,,
1913497235,6960,,PRESERVED_SPECIMEN,MPEG,ANL,MPEG.ANL 000568,,,
1913497234,6964,,PRESERVED_SPECIMEN,MPEG,ANL,MPEG.ANL 000556,,,
1913497233,8166676,,PRESERVED_SPECIMEN,MPEG,ANL,MPEG.ANL 000514,,,
1913497232,8166676,,PRESERVED_SPECIMEN,MPEG,ANL,MPEG.ANL 000574,,,
1913497231,6964,,PRESERVED_SPECIMEN,MPEG,ANL,MPEG.ANL 000557,,,
1913497230,8166676,,PRESERVED_SPECIMEN,MPEG,ANL,MPEG.ANL 000536,,,
1913497229,8166676,,PRESERVED_SPECIMEN,MPEG,ANL,MPEG.ANL 000521,,,
1913497228,8166676,,PRESERVED_SPECIMEN,MPEG,ANL,MPEG.ANL 000531,,,
1913497227,8166676,,PRESERVED_SPECIMEN,MPEG,ANL,MPEG.ANL 000529,,,
1913497226,6964,,PRESERVED_SPECIMEN,MPEG,ANL,MPEG.ANL 000566,,,
1913497225,472,,PRESERVED_SPECIMEN,MPEG,ANL,MPEG.ANL 000493,,,
1913497224,6964,,PRESERVED_SPECIMEN,MPEG,ANL,MPEG.ANL 000548,,,
1913497223,8166676,,PRESERVED_SPECIMEN,MPEG,ANL,MPEG.ANL 000541,,,
1913497222,8166676,,PRESERVED_SPECIMEN,MPEG,ANL,MPEG.ANL 000540,,,
1913497221,8166676,,PRESERVED_SPECIMEN,MPEG,ANL,MPEG.ANL 000515,,,
1913497220,8166676,,PRESERVED_SPECIMEN,MPEG,ANL,MPEG.ANL 000522,,,
1913497219,8166676,,PRESERVED_SPECIMEN,MPEG,ANL,MPEG.ANL 000516,,,
1913497218,8166676,,PRESERVED_SPECIMEN,MPEG,ANL,MPEG.ANL 000546,,,
1913497217,255,,PRESERVED_SPECIMEN,MPEG,ANL,MPEG.ANL 000523,,,
1913497216,472,,PRESERVED_SPECIMEN,MPEG,ANL,MPEG.ANL 000471,,,
1913497215,8166676,,PRESERVED_SPECIMEN,MPEG,ANL,MPEG.ANL 000510,,,
1913497214,8166676,,PRESERVED_SPECIMEN,MPEG,ANL,MPEG.ANL 000580,,,
1913497213,8166676,,PRESERVED_SPECIMEN,MPEG,ANL,MPEG.ANL 000543,,,
1913497212,8166676,,PRESERVED_SPECIMEN,MPEG,ANL,MPEG.ANL 000542,,,
1913497211,472,,PRESERVED_SPECIMEN,MPEG,ANL,MPEG.ANL 000490,,,
1913497210,8166676,,PRESERVED_SPECIMEN,MPEG,ANL,MPEG.ANL 000513,,,
1913497209,8166676,,PRESERVED_SPECIMEN,MPEG,ANL,MPEG.ANL 000528,,,
1913497208,6964,,PRESERVED_SPECIMEN,MPEG,ANL,MPEG.ANL 000551,,,
1913497207,6964,,PRESERVED_SPECIMEN,MPEG,ANL,MPEG.ANL 000553,,,
1913497206,8166676,,PRESERVED_SPECIMEN,MPEG,ANL,MPEG.ANL 000533,,,
1913497205,472,,PRESERVED_SPECIMEN,MPEG,ANL,MPEG.ANL 000487,,,
1913497204,8166676,,PRESERVED_SPECIMEN,MPEG,ANL,MPEG.ANL 000579,,,
1913497203,472,,PRESERVED_SPECIMEN,MPEG,ANL,MPEG.ANL 000501,,,
1913497202,8166676,,PRESERVED_SPECIMEN,MPEG,ANL,MPEG.ANL 000527,,,
1913497201,8166676,,PRESERVED_SPECIMEN,MPEG,ANL,MPEG.ANL 000511,,,
1913497200,8166676,,PRESERVED_SPECIMEN,MPEG,ANL,MPEG.ANL 000524,,,
1913497199,472,,PRESERVED_SPECIMEN,MPEG,ANL,MPEG.ANL 000466,,,
1913497198,472,,PRESERVED_SPECIMEN,MPEG,ANL,MPEG.ANL 000498,,,
1913497197,472,,PRESERVED_SPECIMEN,MPEG,ANL,MPEG.ANL 000478,,,
1913497196,472,,PRESERVED_SPECIMEN,MPEG,ANL,MPEG.ANL 000486,,,
1913497195,472,,PRESERVED_SPECIMEN,MPEG,ANL,MPEG.ANL 000482,,,
1913497194,472,,PRESERVED_SPECIMEN,MPEG,ANL,MPEG.ANL 000500,,,
1913497193,8166676,,PRESERVED_SPECIMEN,MPEG,ANL,MPEG.ANL 000530,,,
1913497192,8166676,,PRESERVED_SPECIMEN,MPEG,ANL,MPEG.ANL 000520,,,
1913497191,6964,,PRESERVED_SPECIMEN,MPEG,ANL,MPEG.ANL 000560,,,
1913497190,8166676,,PRESERVED_SPECIMEN,MPEG,ANL,MPEG.ANL 000576,,,
1913497189,472,,PRESERVED_SPECIMEN,MPEG,ANL,MPEG.ANL 000499,,,
1913497188,8166676,,PRESERVED_SPECIMEN,MPEG,ANL,MPEG.ANL 000519,,,
1913497187,472,,PRESERVED_SPECIMEN,MPEG,ANL,MPEG.ANL 000491,,,
1913497186,8166676,,PRESERVED_SPECIMEN,MPEG,ANL,MPEG.ANL 000537,,,
1913497185,8166676,,PRESERVED_SPECIMEN,MPEG,ANL,MPEG.ANL 000532,,,
1913497184,8166676,,PRESERVED_SPECIMEN,MPEG,ANL,MPEG.ANL 000517,,,
1913497183,472,,PRESERVED_SPECIMEN,MPEG,ANL,MPEG.ANL 000480,,,
1913497182,6964,,PRESERVED_SPECIMEN,MPEG,ANL,MPEG.ANL 000565,,,
1913497181,472,,PRESERVED_SPECIMEN,MPEG,ANL,MPEG.ANL 000483,,,
1913497180,6964,,PRESERVED_SPECIMEN,MPEG,ANL,MPEG.ANL 000554,,,
1913497179,472,,PRESERVED_SPECIMEN,MPEG,ANL,MPEG.ANL 000485,,,
1913497178,472,,PRESERVED_SPECIMEN,MPEG,ANL,MPEG.ANL 000489,,,
1913497177,472,,PRESERVED_SPECIMEN,MPEG,ANL,MPEG.ANL 000473,,,
1913497176,8166676,,PRESERVED_SPECIMEN,MPEG,ANL,MPEG.ANL 000512,,,
1913497175,472,,PRESERVED_SPECIMEN,MPEG,ANL,MPEG.ANL 000474,,,
1913497174,472,,PRESERVED_SPECIMEN,MPEG,ANL,MPEG.ANL 000440,,,
1913497173,472,,PRESERVED_SPECIMEN,MPEG,ANL,MPEG.ANL 000477,,,
1913497172,472,,PRESERVED_SPECIMEN,MPEG,ANL,MPEG.ANL 000455,,,
1913497171,6964,,PRESERVED_SPECIMEN,MPEG,ANL,MPEG.ANL 000564,,,
1913497170,6964,,PRESERVED_SPECIMEN,MPEG,ANL,MPEG.ANL 000550,,,
1913497169,8166676,,PRESERVED_SPECIMEN,MPEG,ANL,MPEG.ANL 000526,,,
1913497168,8166676,,PRESERVED_SPECIMEN,MPEG,ANL,MPEG.ANL 000509,,,
1913497167,472,,PRESERVED_SPECIMEN,MPEG,ANL,MPEG.ANL 000457,,,
1913497166,8166676,,PRESERVED_SPECIMEN,MPEG,ANL,MPEG.ANL 000518,,,
1913497165,472,,PRESERVED_SPECIMEN,MPEG,ANL,MPEG.ANL 000476,,,
1913497164,472,,PRESERVED_SPECIMEN,MPEG,ANL,MPEG.ANL 000465,,,
1913497163,472,,PRESERVED_SPECIMEN,MPEG,ANL,MPEG.ANL 000479,,,
1913497162,8166676,,PRESERVED_SPECIMEN,MPEG,ANL,MPEG.ANL 000547,,,
1913497161,472,,PRESERVED_SPECIMEN,MPEG,ANL,MPEG.ANL 000475,,,
1913497160,6964,,PRESERVED_SPECIMEN,MPEG,ANL,MPEG.ANL 000567,,,
1913497159,472,,PRESERVED_SPECIMEN,MPEG,ANL,MPEG.ANL 000453,,,
1913497158,472,,PRESERVED_SPECIMEN,MPEG,ANL,MPEG.ANL 000468,,,
1913497157,472,,PRESERVED_SPECIMEN,MPEG,ANL,MPEG.ANL 000463,,,
1913497156,472,,PRESERVED_SPECIMEN,MPEG,ANL,MPEG.ANL 000418,,,
1913497155,472,,PRESERVED_SPECIMEN,MPEG,ANL,MPEG.ANL 000467,,,
1913497154,472,,PRESERVED_SPECIMEN,MPEG,ANL,MPEG.ANL 000497,,,
1913497153,472,,PRESERVED_SPECIMEN,MPEG,ANL,MPEG.ANL 000428,,,
1913497152,472,,PRESERVED_SPECIMEN,MPEG,ANL,MPEG.ANL 000464,,,
1913497151,472,,PRESERVED_SPECIMEN,MPEG,ANL,MPEG.ANL 000494,,,
1913497150,472,,PRESERVED_SPECIMEN,MPEG,ANL,MPEG.ANL 000444,,,
1913497149,472,,PRESERVED_SPECIMEN,MPEG,ANL,MPEG.ANL 000459,,,
1913497148,472,,PRESERVED_SPECIMEN,MPEG,ANL,MPEG.ANL 000469,,,
1913497147,472,,PRESERVED_SPECIMEN,MPEG,ANL,MPEG.ANL 000460,,,
1913497146,472,,PRESERVED_SPECIMEN,MPEG,ANL,MPEG.ANL 000447,,,
1913497145,8166676,,PRESERVED_SPECIMEN,MPEG,ANL,MPEG.ANL 000525,,,
1913497144,8166676,,PRESERVED_SPECIMEN,MPEG,ANL,MPEG.ANL 000507,,,
1913497143,472,,PRESERVED_SPECIMEN,MPEG,ANL,MPEG.ANL 000488,,,
1913497142,472,,PRESERVED_SPECIMEN,MPEG,ANL,MPEG.ANL 000461,,,
1913497141,8166676,,PRESERVED_SPECIMEN,MPEG,ANL,MPEG.ANL 000544,,,
1913497140,472,,PRESERVED_SPECIMEN,MPEG,ANL,MPEG.ANL 000441,,,
1913497139,8166676,,PRESERVED_SPECIMEN,MPEG,ANL,MPEG.ANL 000545,,,
1913497138,472,,PRESERVED_SPECIMEN,MPEG,ANL,MPEG.ANL 000462,,,
1913497137,472,,PRESERVED_SPECIMEN,MPEG,ANL,MPEG.ANL 000417,,,
1913497136,472,,PRESERVED_SPECIMEN,MPEG,ANL,MPEG.ANL 000495,,,
1913497135,472,,PRESERVED_SPECIMEN,MPEG,ANL,MPEG.ANL 000443,,,
1913497134,472,,PRESERVED_SPECIMEN,MPEG,ANL,MPEG.ANL 000456,,,
1913497133,472,,PRESERVED_SPECIMEN,MPEG,ANL,MPEG.ANL 000445,,,
1913497132,472,,PRESERVED_SPECIMEN,MPEG,ANL,MPEG.ANL 000438,,,
1913497131,472,,PRESERVED_SPECIMEN,MPEG,ANL,MPEG.ANL 000454,,,
1913497130,472,,PRESERVED_SPECIMEN,MPEG,ANL,MPEG.ANL 000402,,,
1913497129,472,,PRESERVED_SPECIMEN,MPEG,ANL,MPEG.ANL 000436,,,
1913497128,472,,PRESERVED_SPECIMEN,MPEG,ANL,MPEG.ANL 000481,,,
1913497127,472,,PRESERVED_SPECIMEN,MPEG,ANL,MPEG.ANL 000433,,,
1913497126,472,,PRESERVED_SPECIMEN,MPEG,ANL,MPEG.ANL 000420,,,
1913497125,472,,PRESERVED_SPECIMEN,MPEG,ANL,MPEG.ANL 000423,,,
1913497124,472,,PRESERVED_SPECIMEN,MPEG,ANL,MPEG.ANL 000429,,,
1913497123,472,,PRESERVED_SPECIMEN,MPEG,ANL,MPEG.ANL 000437,,,
1913497122,472,,PRESERVED_SPECIMEN,MPEG,ANL,MPEG.ANL 000450,,,
1913497121,472,,PRESERVED_SPECIMEN,MPEG,ANL,MPEG.ANL 000448,,,
1913497120,472,,PRESERVED_SPECIMEN,MPEG,ANL,MPEG.ANL 000484,,,
1913497119,472,,PRESERVED_SPECIMEN,MPEG,ANL,MPEG.ANL 000470,,,
1913497118,472,,PRESERVED_SPECIMEN,MPEG,ANL,MPEG.ANL 000492,,,
1913497117,472,,PRESERVED_SPECIMEN,MPEG,ANL,MPEG.ANL 000439,,,
1913497116,472,,PRESERVED_SPECIMEN,MPEG,ANL,MPEG.ANL 000435,,,
1913497115,472,,PRESERVED_SPECIMEN,MPEG,ANL,MPEG.ANL 000458,,,
1913497114,472,,PRESERVED_SPECIMEN,MPEG,ANL,MPEG.ANL 000452,,,
1913497113,472,,PRESERVED_SPECIMEN,MPEG,ANL,MPEG.ANL 000496,,,
1913497112,472,,PRESERVED_SPECIMEN,MPEG,ANL,MPEG.ANL 000427,,,
1913497111,472,,PRESERVED_SPECIMEN,MPEG,ANL,MPEG.ANL 000421,,,
1913497110,472,,PRESERVED_SPECIMEN,MPEG,ANL,MPEG.ANL 000401,,,
1913497109,472,,PRESERVED_SPECIMEN,MPEG,ANL,MPEG.ANL 000442,,,
1913497108,472,,PRESERVED_SPECIMEN,MPEG,ANL,MPEG.ANL 000419,,,
1913497107,472,,PRESERVED_SPECIMEN,MPEG,ANL,MPEG.ANL 000414,,,
1913497106,472,,PRESERVED_SPECIMEN,MPEG,ANL,MPEG.ANL 000430,,,
1913497105,472,,PRESERVED_SPECIMEN,MPEG,ANL,MPEG.ANL 000413,,,
1913497104,472,,PRESERVED_SPECIMEN,MPEG,ANL,MPEG.ANL 000400,,,
1913497103,8166676,,PRESERVED_SPECIMEN,MPEG,ANL,MPEG.ANL 000508,,,
1913497102,472,,PRESERVED_SPECIMEN,MPEG,ANL,MPEG.ANL 000386,,,
1913497101,472,,PRESERVED_SPECIMEN,MPEG,ANL,MPEG.ANL 000472,,,
1913497100,472,,PRESERVED_SPECIMEN,MPEG,ANL,MPEG.ANL 000408,,,
1913497099,472,,PRESERVED_SPECIMEN,MPEG,ANL,MPEG.ANL 000403,,,
1913497098,472,,PRESERVED_SPECIMEN,MPEG,ANL,MPEG.ANL 000410,,,
1913497097,472,,PRESERVED_SPECIMEN,MPEG,ANL,MPEG.ANL 000411,,,
1913497096,472,,PRESERVED_SPECIMEN,MPEG,ANL,MPEG.ANL 000426,,,
1913497095,472,,PRESERVED_SPECIMEN,MPEG,ANL,MPEG.ANL 000451,,,
1913497094,472,,PRESERVED_SPECIMEN,MPEG,ANL,MPEG.ANL 000405,,,
1913497093,472,,PRESERVED_SPECIMEN,MPEG,ANL,MPEG.ANL 000431,,,
1913497092,472,,PRESERVED_SPECIMEN,MPEG,ANL,MPEG.ANL 000394,,,
1913497091,472,,PRESERVED_SPECIMEN,MPEG,ANL,MPEG.ANL 000449,,,
1913497090,472,,PRESERVED_SPECIMEN,MPEG,ANL,MPEG.ANL 000432,,,
1913497089,472,,PRESERVED_SPECIMEN,MPEG,ANL,MPEG.ANL 000388,,,
1913497088,472,,PRESERVED_SPECIMEN,MPEG,ANL,MPEG.ANL 000415,,,
1913497087,472,,PRESERVED_SPECIMEN,MPEG,ANL,MPEG.ANL 000412,,,
1913497086,472,,PRESERVED_SPECIMEN,MPEG,ANL,MPEG.ANL 000396,,,
1913497085,472,,PRESERVED_SPECIMEN,MPEG,ANL,MPEG.ANL 000422,,,
1913497084,472,,PRESERVED_SPECIMEN,MPEG,ANL,MPEG.ANL 000399,,,
1913497083,255,,PRESERVED_SPECIMEN,MPEG,ANL,MPEG.ANL 000502,,,
1913497082,472,,PRESERVED_SPECIMEN,MPEG,ANL,MPEG.ANL 000407,,,
1913497081,472,,PRESERVED_SPECIMEN,MPEG,ANL,MPEG.ANL 000446,,,
1913497080,472,,PRESERVED_SPECIMEN,MPEG,ANL,MPEG.ANL 000397,,,
1913497079,472,,PRESERVED_SPECIMEN,MPEG,ANL,MPEG.ANL 000406,,,
1913497078,472,,PRESERVED_SPECIMEN,MPEG,ANL,MPEG.ANL 000389,,,
1913497077,472,,PRESERVED_SPECIMEN,MPEG,ANL,MPEG.ANL 000398,,,
1913497076,472,,PRESERVED_SPECIMEN,MPEG,ANL,MPEG.ANL 000392,,,
1913497075,472,,PRESERVED_SPECIMEN,MPEG,ANL,MPEG.ANL 000425,,,
1913497074,472,,PRESERVED_SPECIMEN,MPEG,ANL,MPEG.ANL 000391,,,
1913497073,472,,PRESERVED_SPECIMEN,MPEG,ANL,MPEG.ANL 000416,,,
1913497072,472,,PRESERVED_SPECIMEN,MPEG,ANL,MPEG.ANL 000434,,,
1913497071,472,,PRESERVED_SPECIMEN,MPEG,ANL,MPEG.ANL 000409,,,
1913497070,472,,PRESERVED_SPECIMEN,MPEG,ANL,MPEG.ANL 000387,,,
1913497069,472,,PRESERVED_SPECIMEN,MPEG,ANL,MPEG.ANL 000404,,,
1913497068,472,,PRESERVED_SPECIMEN,MPEG,ANL,MPEG.ANL 000395,,,
1913497067,472,,PRESERVED_SPECIMEN,MPEG,ANL,MPEG.ANL 000383,,,
1913497066,472,,PRESERVED_SPECIMEN,MPEG,ANL,MPEG.ANL 000390,,,
1913497065,8166676,,PRESERVED_SPECIMEN,MPEG,ANL,MPEG.ANL 000504,,,
1913497064,472,,PRESERVED_SPECIMEN,MPEG,ANL,MPEG.ANL 000382,,,
1913497063,472,,PRESERVED_SPECIMEN,MPEG,ANL,MPEG.ANL 000384,,,
1913497062,472,,PRESERVED_SPECIMEN,MPEG,ANL,MPEG.ANL 000424,,,
1913497061,8166676,,PRESERVED_SPECIMEN,MPEG,ANL,MPEG.ANL 000506,,,
1913497060,255,,PRESERVED_SPECIMEN,MPEG,ANL,MPEG.ANL 000505,,,
1913497059,472,,PRESERVED_SPECIMEN,MPEG,ANL,MPEG.ANL 000385,,,
1913497058,8166676,,PRESERVED_SPECIMEN,MPEG,ANL,MPEG.ANL 000503,,,
1913497057,472,,PRESERVED_SPECIMEN,MPEG,ANL,MPEG.ANL 000393,,,
1438492829,4410240,4410240,PRESERVED_SPECIMEN,MPEG,ANL,MPEG.ANL 000351,,,
1438492828,0,,PRESERVED_SPECIMEN,MPEG,ANL,MPEG.ANL 000356,,,
1438492827,11036641,,PRESERVED_SPECIMEN,MPEG,ANL,MPEG.ANL 000359,,,
1438492826,2308743,,PRESERVED_SPECIMEN,MPEG,ANL,MPEG.ANL 000357,,,
1438492825,9690499,9730033,PRESERVED_SPECIMEN,MPEG,ANL,MPEG.ANL 000352,,,
1438492824,9690499,9730033,PRESERVED_SPECIMEN,MPEG,ANL,MPEG.ANL 000353,,,
1438492823,11036641,,PRESERVED_SPECIMEN,MPEG,ANL,MPEG.ANL 000358,,,
1438492822,9588531,9687779,PRESERVED_SPECIMEN,MPEG,ANL,MPEG.ANL 000354,,,
1438492821,0,,PRESERVED_SPECIMEN,MPEG,ANL,MPEG.ANL 000326,,,
1438492820,9030965,4410238,PRESERVED_SPECIMEN,MPEG,ANL,MPEG.ANL 000345,,,
1438492819,9478130,9480565,PRESERVED_SPECIMEN,MPEG,ANL,MPEG.ANL 000341,,,
1438492818,2308741,2308741,PRESERVED_SPECIMEN,MPEG,ANL,MPEG.ANL 000348,,,
1438492817,9372448,9372448,PRESERVED_SPECIMEN,MPEG,ANL,MPEG.ANL 000339,,,
1438492816,0,,PRESERVED_SPECIMEN,MPEG,ANL,MPEG.ANL 000331,,,
1438492815,9478130,9480565,PRESERVED_SPECIMEN,MPEG,ANL,MPEG.ANL 000340,,,
1438492814,0,,PRESERVED_SPECIMEN,MPEG,ANL,MPEG.ANL 000334,,,
1438492813,9290436,9290436,PRESERVED_SPECIMEN,MPEG,ANL,MPEG.ANL 000337,,,
1438492812,9030965,4410238,PRESERVED_SPECIMEN,MPEG,ANL,MPEG.ANL 000346,,,
1438492811,9030965,4410238,PRESERVED_SPECIMEN,MPEG,ANL,MPEG.ANL 000349,,,
1438492810,0,,PRESERVED_SPECIMEN,MPEG,ANL,MPEG.ANL 000332,,,
1438492809,0,,PRESERVED_SPECIMEN,MPEG,ANL,MPEG.ANL 000327,,,
1438492808,0,,PRESERVED_SPECIMEN,MPEG,ANL,MPEG.ANL 000328,,,
1438492807,9290436,9290436,PRESERVED_SPECIMEN,MPEG,ANL,MPEG.ANL 000335,,,
1438492806,2308741,2308741,PRESERVED_SPECIMEN,MPEG,ANL,MPEG.ANL 000347,,,
1438492805,2308805,11629083,PRESERVED_SPECIMEN,MPEG,ANL,MPEG.ANL 000338,,,
1438492804,11036641,,PRESERVED_SPECIMEN,MPEG,ANL,MPEG.ANL 000355,,,
1438492803,0,,PRESERVED_SPECIMEN,MPEG,ANL,MPEG.ANL 000333,,,
1438492802,9478130,9480565,PRESERVED_SPECIMEN,MPEG,ANL,MPEG.ANL 000344,,,
1438492801,9290436,9290436,PRESERVED_SPECIMEN,MPEG,ANL,MPEG.ANL 000336,,,
1438492800,9478130,9480565,PRESERVED_SPECIMEN,MPEG,ANL,MPEG.ANL 000343,,,
1438492799,0,,PRESERVED_SPECIMEN,MPEG,ANL,MPEG.ANL 000329,,,
1438492798,3267625,,PRESERVED_SPECIMEN,MPEG,ANL,MPEG.ANL 000301,,,
1438492797,4813777,,PRESERVED_SPECIMEN,MPEG,ANL,MPEG.ANL 000320,,,
1438492796,4813777,,PRESERVED_SPECIMEN,MPEG,ANL,MPEG.ANL 000323,,,
1438492795,4813777,,PRESERVED_SPECIMEN,MPEG,ANL,MPEG.ANL 000316,,,
1438492794,3267625,,PRESERVED_SPECIMEN,MPEG,ANL,MPEG.ANL 000315,,,
1438492793,3267625,,PRESERVED_SPECIMEN,MPEG,ANL,MPEG.ANL 000306,,,
1438492792,9478130,9480565,PRESERVED_SPECIMEN,MPEG,ANL,MPEG.ANL 000342,,,
1438492791,3267625,,PRESERVED_SPECIMEN,MPEG,ANL,MPEG.ANL 000312,,,
1438492790,3267625,,PRESERVED_SPECIMEN,MPEG,ANL,MPEG.ANL 000309,,,
1438492789,3267625,,PRESERVED_SPECIMEN,MPEG,ANL,MPEG.ANL 000314,,,
1438492788,4813777,,PRESERVED_SPECIMEN,MPEG,ANL,MPEG.ANL 000321,,,
1438492787,4813777,,PRESERVED_SPECIMEN,MPEG,ANL,MPEG.ANL 000324,,,
1438492786,3267625,,PRESERVED_SPECIMEN,MPEG,ANL,MPEG.ANL 000307,,,
1438492785,3267625,,PRESERVED_SPECIMEN,MPEG,ANL,MPEG.ANL 000302,,,
1438492784,3267625,,PRESERVED_SPECIMEN,MPEG,ANL,MPEG.ANL 000303,,,
1438492783,9654106,9654106,PRESERVED_SPECIMEN,MPEG,ANL,MPEG.ANL 000350,,,
1438492782,3267625,,PRESERVED_SPECIMEN,MPEG,ANL,MPEG.ANL 000310,,,
1438492781,4813777,,PRESERVED_SPECIMEN,MPEG,ANL,MPEG.ANL 000322,,,
1438492780,3267625,,PRESERVED_SPECIMEN,MPEG,ANL,MPEG.ANL 000308,,,
1438492779,0,,PRESERVED_SPECIMEN,MPEG,ANL,MPEG.ANL 000330,,,
1438492778,3267625,,PRESERVED_SPECIMEN,MPEG,ANL,MPEG.ANL 000313,,,
1438492777,4813777,,PRESERVED_SPECIMEN,MPEG,ANL,MPEG.ANL 000319,,,
1438492776,3267625,,PRESERVED_SPECIMEN,MPEG,ANL,MPEG.ANL 000311,,,
1438492775,3267625,,PRESERVED_SPECIMEN,MPEG,ANL,MPEG.ANL 000304,,,
1438492774,4813777,,PRESERVED_SPECIMEN,MPEG,ANL,MPEG.ANL 000318,,,
1438492773,4813886,,PRESERVED_SPECIMEN,MPEG,ANL,MPEG.ANL 000276,,,
1438492772,4813886,,PRESERVED_SPECIMEN,MPEG,ANL,MPEG.ANL 000295,,,
1438492771,3267625,,PRESERVED_SPECIMEN,MPEG,ANL,MPEG.ANL 000298,,,
1438492770,4813886,,PRESERVED_SPECIMEN,MPEG,ANL,MPEG.ANL 000291,,,
1438492769,4813777,,PRESERVED_SPECIMEN,MPEG,ANL,MPEG.ANL 000317,,,
1438492768,4813886,,PRESERVED_SPECIMEN,MPEG,ANL,MPEG.ANL 000289,,,
1438492767,4813886,,PRESERVED_SPECIMEN,MPEG,ANL,MPEG.ANL 000290,,,
1438492766,4813886,,PRESERVED_SPECIMEN,MPEG,ANL,MPEG.ANL 000296,,,
1438492765,0,,PRESERVED_SPECIMEN,MPEG,ANL,MPEG.ANL 000281,,,
1438492764,0,,PRESERVED_SPECIMEN,MPEG,ANL,MPEG.ANL 000284,,,
1438492763,4813886,,PRESERVED_SPECIMEN,MPEG,ANL,MPEG.ANL 000287,,,
1438492762,3267625,,PRESERVED_SPECIMEN,MPEG,ANL,MPEG.ANL 000299,,,
1438492761,4813886,,PRESERVED_SPECIMEN,MPEG,ANL,MPEG.ANL 000278,,,
1438492760,4813886,,PRESERVED_SPECIMEN,MPEG,ANL,MPEG.ANL 000277,,,
1438492759,0,,PRESERVED_SPECIMEN,MPEG,ANL,MPEG.ANL 000282,,,
1438492758,4813886,,PRESERVED_SPECIMEN,MPEG,ANL,MPEG.ANL 000285,,,
1438492757,0,,PRESERVED_SPECIMEN,MPEG,ANL,MPEG.ANL 000325,,,
1438492756,3267625,,PRESERVED_SPECIMEN,MPEG,ANL,MPEG.ANL 000297,,,
1438492755,10944581,,PRESERVED_SPECIMEN,MPEG,ANL,MPEG.ANL 000283,,,
1438492754,4813886,,PRESERVED_SPECIMEN,MPEG,ANL,MPEG.ANL 000288,,,
1438492753,3267625,,PRESERVED_SPECIMEN,MPEG,ANL,MPEG.ANL 000305,,,
1438492752,4813886,,PRESERVED_SPECIMEN,MPEG,ANL,MPEG.ANL 000286,,,
1438492751,4813886,,PRESERVED_SPECIMEN,MPEG,ANL,MPEG.ANL 000293,,,
1438492750,4813886,,PRESERVED_SPECIMEN,MPEG,ANL,MPEG.ANL 000294,,,
1438492749,2308741,2308741,PRESERVED_SPECIMEN,MPEG,ANL,MPEG.ANL 000279,,,
1438492748,0,,PRESERVED_SPECIMEN,MPEG,ANL,MPEG.ANL 000270,,,
1438492747,4813886,,PRESERVED_SPECIMEN,MPEG,ANL,MPEG.ANL 000251,,,
1438492746,0,,PRESERVED_SPECIMEN,MPEG,ANL,MPEG.ANL 000271,,,
1438492745,4813886,,PRESERVED_SPECIMEN,MPEG,ANL,MPEG.ANL 000264,,,
1438492744,4813886,,PRESERVED_SPECIMEN,MPEG,ANL,MPEG.ANL 000292,,,
1438492743,0,,PRESERVED_SPECIMEN,MPEG,ANL,MPEG.ANL 000273,,,
1438492742,0,,PRESERVED_SPECIMEN,MPEG,ANL,MPEG.ANL 000266,,,
1438492741,3267625,,PRESERVED_SPECIMEN,MPEG,ANL,MPEG.ANL 000259,,,
1438492740,4813886,,PRESERVED_SPECIMEN,MPEG,ANL,MPEG.ANL 000256,,,
1438492739,4813693,,PRESERVED_SPECIMEN,MPEG,ANL,MPEG.ANL 000262,,,
1438492738,0,,PRESERVED_SPECIMEN,MPEG,ANL,MPEG.ANL 000265,,,
1438492737,4813693,,PRESERVED_SPECIMEN,MPEG,ANL,MPEG.ANL 000257,,,
1438492736,4813886,,PRESERVED_SPECIMEN,MPEG,ANL,MPEG.ANL 000252,,,
1438492735,0,,PRESERVED_SPECIMEN,MPEG,ANL,MPEG.ANL 000274,,,
1438492734,4813886,,PRESERVED_SPECIMEN,MPEG,ANL,MPEG.ANL 000253,,,
1438492733,3267625,,PRESERVED_SPECIMEN,MPEG,ANL,MPEG.ANL 000300,,,
1438492732,0,,PRESERVED_SPECIMEN,MPEG,ANL,MPEG.ANL 000272,,,
1438492731,4813886,,PRESERVED_SPECIMEN,MPEG,ANL,MPEG.ANL 000260,,,
1438492730,0,,PRESERVED_SPECIMEN,MPEG,ANL,MPEG.ANL 000280,,,
1438492729,0,,PRESERVED_SPECIMEN,MPEG,ANL,MPEG.ANL 000268,,,
1438492728,4813693,,PRESERVED_SPECIMEN,MPEG,ANL,MPEG.ANL 000263,,,
1438492727,4813886,,PRESERVED_SPECIMEN,MPEG,ANL,MPEG.ANL 000258,,,
1438492726,3267625,,PRESERVED_SPECIMEN,MPEG,ANL,MPEG.ANL 000261,,,
1438492725,0,,PRESERVED_SPECIMEN,MPEG,ANL,MPEG.ANL 000269,,,
1438492724,10944581,,PRESERVED_SPECIMEN,MPEG,ANL,MPEG.ANL 000245,,,
1438492723,4813886,,PRESERVED_SPECIMEN,MPEG,ANL,MPEG.ANL 000254,,,
1438492722,2308741,2308741,PRESERVED_SPECIMEN,MPEG,ANL,MPEG.ANL 000226,,,
1438492721,4813777,,PRESERVED_SPECIMEN,MPEG,ANL,MPEG.ANL 000234,,,
1438492720,4813886,,PRESERVED_SPECIMEN,MPEG,ANL,MPEG.ANL 000248,,,
1438492719,2308772,,PRESERVED_SPECIMEN,MPEG,ANL,MPEG.ANL 000232,,,
1438492718,2308772,,PRESERVED_SPECIMEN,MPEG,ANL,MPEG.ANL 000231,,,
1438492717,0,,PRESERVED_SPECIMEN,MPEG,ANL,MPEG.ANL 000267,,,
1438492716,2308741,2308741,PRESERVED_SPECIMEN,MPEG,ANL,MPEG.ANL 000246,,,
1438492715,2308741,2308741,PRESERVED_SPECIMEN,MPEG,ANL,MPEG.ANL 000237,,,
1438492714,10943108,,PRESERVED_SPECIMEN,MPEG,ANL,MPEG.ANL 000240,,,
1438492713,10943108,,PRESERVED_SPECIMEN,MPEG,ANL,MPEG.ANL 000241,,,
1438492712,4813886,,PRESERVED_SPECIMEN,MPEG,ANL,MPEG.ANL 000249,,,
1438492711,2308741,2308741,PRESERVED_SPECIMEN,MPEG,ANL,MPEG.ANL 000239,,,
1438492710,10943108,,PRESERVED_SPECIMEN,MPEG,ANL,MPEG.ANL 000227,,,
1438492709,2308741,2308741,PRESERVED_SPECIMEN,MPEG,ANL,MPEG.ANL 000228,,,
1438492708,4813886,,PRESERVED_SPECIMEN,MPEG,ANL,MPEG.ANL 000247,,,
1438492707,4813886,,PRESERVED_SPECIMEN,MPEG,ANL,MPEG.ANL 000275,,,
1438492706,4813693,,PRESERVED_SPECIMEN,MPEG,ANL,MPEG.ANL 000255,,,
1438492705,2308741,2308741,PRESERVED_SPECIMEN,MPEG,ANL,MPEG.ANL 000235,,,
1438492704,2308741,2308741,PRESERVED_SPECIMEN,MPEG,ANL,MPEG.ANL 000238,,,
1438492703,4813777,,PRESERVED_SPECIMEN,MPEG,ANL,MPEG.ANL 000233,,,
1438492702,2308741,2308741,PRESERVED_SPECIMEN,MPEG,ANL,MPEG.ANL 000236,,,
1438492701,2308741,2308741,PRESERVED_SPECIMEN,MPEG,ANL,MPEG.ANL 000243,,,
1438492700,10943108,,PRESERVED_SPECIMEN,MPEG,ANL,MPEG.ANL 000229,,,
1438492699,4813777,,PRESERVED_SPECIMEN,MPEG,ANL,MPEG.ANL 000244,,,
1438492698,2308741,2308741,PRESERVED_SPECIMEN,MPEG,ANL,MPEG.ANL 000220,,,
1438492697,0,,PRESERVED_SPECIMEN,MPEG,ANL,MPEG.ANL 000201,,,
1438492696,2308798,,PRESERVED_SPECIMEN,MPEG,ANL,MPEG.ANL 000221,,,
1438492695,0,,PRESERVED_SPECIMEN,MPEG,ANL,MPEG.ANL 000212,,,
1438492694,0,,PRESERVED_SPECIMEN,MPEG,ANL,MPEG.ANL 000209,,,
1438492693,4813886,,PRESERVED_SPECIMEN,MPEG,ANL,MPEG.ANL 000215,,,
1438492692,2308798,,PRESERVED_SPECIMEN,MPEG,ANL,MPEG.ANL 000206,,,
1438492691,2308741,2308741,PRESERVED_SPECIMEN,MPEG,ANL,MPEG.ANL 000224,,,
1438492690,2308798,,PRESERVED_SPECIMEN,MPEG,ANL,MPEG.ANL 000207,,,
1438492689,2308741,2308741,PRESERVED_SPECIMEN,MPEG,ANL,MPEG.ANL 000223,,,
1438492688,0,,PRESERVED_SPECIMEN,MPEG,ANL,MPEG.ANL 000214,,,
1438492687,4813886,,PRESERVED_SPECIMEN,MPEG,ANL,MPEG.ANL 000216,,,
1438492686,2308798,,PRESERVED_SPECIMEN,MPEG,ANL,MPEG.ANL 000242,,,
1438492685,4813886,,PRESERVED_SPECIMEN,MPEG,ANL,MPEG.ANL 000222,,,
1438492684,2308798,,PRESERVED_SPECIMEN,MPEG,ANL,MPEG.ANL 000203,,,
1438492683,0,,PRESERVED_SPECIMEN,MPEG,ANL,MPEG.ANL 000213,,,
1438492682,0,,PRESERVED_SPECIMEN,MPEG,ANL,MPEG.ANL 000210,,,
1438492681,0,,PRESERVED_SPECIMEN,MPEG,ANL,MPEG.ANL 000202,,,
1438492680,2308741,2308741,PRESERVED_SPECIMEN,MPEG,ANL,MPEG.ANL 000250,,,
1438492679,0,,PRESERVED_SPECIMEN,MPEG,ANL,MPEG.ANL 000211,,,
1438492678,2308798,,PRESERVED_SPECIMEN,MPEG,ANL,MPEG.ANL 000208,,,
1438492677,10943108,,PRESERVED_SPECIMEN,MPEG,ANL,MPEG.ANL 000230,,,
1438492676,4813777,,PRESERVED_SPECIMEN,MPEG,ANL,MPEG.ANL 000204,,,
1438492675,4813693,,PRESERVED_SPECIMEN,MPEG,ANL,MPEG.ANL 000218,,,
1438492674,10944581,,PRESERVED_SPECIMEN,MPEG,ANL,MPEG.ANL 000195,,,
1438492673,2320536,,PRESERVED_SPECIMEN,MPEG,ANL,MPEG.ANL 000176,,,
1438492672,2308741,2308741,PRESERVED_SPECIMEN,MPEG,ANL,MPEG.ANL 000219,,,
1438492671,2308798,,PRESERVED_SPECIMEN,MPEG,ANL,MPEG.ANL 000196,,,
1438492670,2318045,,PRESERVED_SPECIMEN,MPEG,ANL,MPEG.ANL 000182,,,
1438492669,0,,PRESERVED_SPECIMEN,MPEG,ANL,MPEG.ANL 000187,,,
1438492668,2308798,,PRESERVED_SPECIMEN,MPEG,ANL,MPEG.ANL 000190,,,
1438492667,2318044,2318044,PRESERVED_SPECIMEN,MPEG,ANL,MPEG.ANL 000181,,,
1438492666,2325694,2325694,PRESERVED_SPECIMEN,MPEG,ANL,MPEG.ANL 000178,,,
1438492665,0,,PRESERVED_SPECIMEN,MPEG,ANL,MPEG.ANL 000184,,,
1438492664,0,,PRESERVED_SPECIMEN,MPEG,ANL,MPEG.ANL 000199,,,
1438492663,0,,PRESERVED_SPECIMEN,MPEG,ANL,MPEG.ANL 000189,,,
1438492662,7236645,,PRESERVED_SPECIMEN,MPEG,ANL,MPEG.ANL 000183,,,
1438492661,2320997,,PRESERVED_SPECIMEN,MPEG,ANL,MPEG.ANL 000177,,,
1438492660,2308741,2308741,PRESERVED_SPECIMEN,MPEG,ANL,MPEG.ANL 000225,,,
1438492659,0,,PRESERVED_SPECIMEN,MPEG,ANL,MPEG.ANL 000186,,,
1438492658,2308798,,PRESERVED_SPECIMEN,MPEG,ANL,MPEG.ANL 000197,,,
1438492657,0,,PRESERVED_SPECIMEN,MPEG,ANL,MPEG.ANL 000198,,,
1438492656,4813886,,PRESERVED_SPECIMEN,MPEG,ANL,MPEG.ANL 000217,,,
1438492655,2308798,,PRESERVED_SPECIMEN,MPEG,ANL,MPEG.ANL 000191,,,
1438492654,2308798,,PRESERVED_SPECIMEN,MPEG,ANL,MPEG.ANL 000185,,,
1438492653,2325230,,PRESERVED_SPECIMEN,MPEG,ANL,MPEG.ANL 000179,,,
1438492652,2308798,,PRESERVED_SPECIMEN,MPEG,ANL,MPEG.ANL 000188,,,
1438492651,10944581,,PRESERVED_SPECIMEN,MPEG,ANL,MPEG.ANL 000193,,,
1438492650,2308798,,PRESERVED_SPECIMEN,MPEG,ANL,MPEG.ANL 000205,,,
1438492649,2308798,,PRESERVED_SPECIMEN,MPEG,ANL,MPEG.ANL 000194,,,
1438492648,0,,PRESERVED_SPECIMEN,MPEG,ANL,MPEG.ANL 000151,,,
1438492647,8132035,,PRESERVED_SPECIMEN,MPEG,ANL,MPEG.ANL 000170,,,
1438492646,2308798,,PRESERVED_SPECIMEN,MPEG,ANL,MPEG.ANL 000192,,,
1438492645,2318015,2318015,PRESERVED_SPECIMEN,MPEG,ANL,MPEG.ANL 000180,,,
1438492644,0,,PRESERVED_SPECIMEN,MPEG,ANL,MPEG.ANL 000159,,,
1438492643,5196110,2315382,PRESERVED_SPECIMEN,MPEG,ANL,MPEG.ANL 000165,,,
1438492642,5196110,2315382,PRESERVED_SPECIMEN,MPEG,ANL,MPEG.ANL 000166,,,
1438492641,0,,PRESERVED_SPECIMEN,MPEG,ANL,MPEG.ANL 000200,,,
1438492640,5199278,5199278,PRESERVED_SPECIMEN,MPEG,ANL,MPEG.ANL 000174,,,
1438492639,2314458,,PRESERVED_SPECIMEN,MPEG,ANL,MPEG.ANL 000172,,,
1438492638,2312507,,PRESERVED_SPECIMEN,MPEG,ANL,MPEG.ANL 000161,,,
1438492637,10943108,,PRESERVED_SPECIMEN,MPEG,ANL,MPEG.ANL 000154,,,
1438492636,2316376,2316376,PRESERVED_SPECIMEN,MPEG,ANL,MPEG.ANL 000164,,,
1438492635,8132035,,PRESERVED_SPECIMEN,MPEG,ANL,MPEG.ANL 000171,,,
1438492634,2308741,2308741,PRESERVED_SPECIMEN,MPEG,ANL,MPEG.ANL 000156,,,
1438492633,2308741,2308741,PRESERVED_SPECIMEN,MPEG,ANL,MPEG.ANL 000157,,,
1438492632,10943108,,PRESERVED_SPECIMEN,MPEG,ANL,MPEG.ANL 000152,,,
1438492631,10708099,,PRESERVED_SPECIMEN,MPEG,ANL,MPEG.ANL 000173,,,
1438492630,0,,PRESERVED_SPECIMEN,MPEG,ANL,MPEG.ANL 000158,,,
1438492629,2309126,,PRESERVED_SPECIMEN,MPEG,ANL,MPEG.ANL 000162,,,
1438492628,10943108,,PRESERVED_SPECIMEN,MPEG,ANL,MPEG.ANL 000153,,,
1438492627,2322157,,PRESERVED_SPECIMEN,MPEG,ANL,MPEG.ANL 000160,,,
1438492626,2312057,,PRESERVED_SPECIMEN,MPEG,ANL,MPEG.ANL 000169,,,
1438492625,2315785,,PRESERVED_SPECIMEN,MPEG,ANL,MPEG.ANL 000163,,,
1438492624,6453799,6453799,PRESERVED_SPECIMEN,MPEG,ANL,MPEG.ANL 000168,,,
1438492623,6453799,6453799,PRESERVED_SPECIMEN,MPEG,ANL,MPEG.ANL 000167,,,
1438492622,0,,PRESERVED_SPECIMEN,MPEG,ANL,MPEG.ANL 000145,,,
1438492621,0,,PRESERVED_SPECIMEN,MPEG,ANL,MPEG.ANL 000126,,,
1438492620,10943108,,PRESERVED_SPECIMEN,MPEG,ANL,MPEG.ANL 000155,,,
1438492619,2328495,,PRESERVED_SPECIMEN,MPEG,ANL,MPEG.ANL 000175,,,
1438492618,0,,PRESERVED_SPECIMEN,MPEG,ANL,MPEG.ANL 000147,,,
1438492617,0,,PRESERVED_SPECIMEN,MPEG,ANL,MPEG.ANL 000149,,,
1438492616,0,,PRESERVED_SPECIMEN,MPEG,ANL,MPEG.ANL 000140,,,
1438492615,0,,PRESERVED_SPECIMEN,MPEG,ANL,MPEG.ANL 000141,,,
1438492614,0,,PRESERVED_SPECIMEN,MPEG,ANL,MPEG.ANL 000134,,,
1438492613,0,,PRESERVED_SPECIMEN,MPEG,ANL,MPEG.ANL 000146,,,
1438492612,0,,PRESERVED_SPECIMEN,MPEG,ANL,MPEG.ANL 000136,,,
1438492611,0,,PRESERVED_SPECIMEN,MPEG,ANL,MPEG.ANL 000129,,,
1438492610,0,,PRESERVED_SPECIMEN,MPEG,ANL,MPEG.ANL 000139,,,
1438492609,0,,PRESERVED_SPECIMEN,MPEG,ANL,MPEG.ANL 000132,,,
1438492608,0,,PRESERVED_SPECIMEN,MPEG,ANL,MPEG.ANL 000131,,,
1438492607,0,,PRESERVED_SPECIMEN,MPEG,ANL,MPEG.ANL 000137,,,
1438492606,0,,PRESERVED_SPECIMEN,MPEG,ANL,MPEG.ANL 000127,,,
1438492605,0,,PRESERVED_SPECIMEN,MPEG,ANL,MPEG.ANL 000135,,,
1438492604,0,,PRESERVED_SPECIMEN,MPEG,ANL,MPEG.ANL 000133,,,
1438492603,0,,PRESERVED_SPECIMEN,MPEG,ANL,MPEG.ANL 000148,,,
1438492602,0,,PRESERVED_SPECIMEN,MPEG,ANL,MPEG.ANL 000128,,,
1438492601,0,,PRESERVED_SPECIMEN,MPEG,ANL,MPEG.ANL 000144,,,
1438492600,0,,PRESERVED_SPECIMEN,MPEG,ANL,MPEG.ANL 000150,,,
1438492599,0,,PRESERVED_SPECIMEN,MPEG,ANL,MPEG.ANL 000138,,,
1438492598,0,,PRESERVED_SPECIMEN,MPEG,ANL,MPEG.ANL 000142,,,
1438492597,0,,PRESERVED_SPECIMEN,MPEG,ANL,MPEG.ANL 000143,,,
1438492596,0,,PRESERVED_SPECIMEN,MPEG,ANL,MPEG.ANL 000130,,,
1438492595,0,,PRESERVED_SPECIMEN,MPEG,ANL,MPEG.ANL 000124,,,
1438492594,0,,PRESERVED_SPECIMEN,MPEG,ANL,MPEG.ANL 000116,,,
1438492593,0,,PRESERVED_SPECIMEN,MPEG,ANL,MPEG.ANL 000120,,,
1438492592,10943108,,PRESERVED_SPECIMEN,MPEG,ANL,MPEG.ANL 000101,,,
1438492591,0,,PRESERVED_SPECIMEN,MPEG,ANL,MPEG.ANL 000115,,,
1438492590,0,,PRESERVED_SPECIMEN,MPEG,ANL,MPEG.ANL 000122,,,
1438492589,10943108,,PRESERVED_SPECIMEN,MPEG,ANL,MPEG.ANL 000111,,,
1438492588,10943108,,PRESERVED_SPECIMEN,MPEG,ANL,MPEG.ANL 000104,,,
1438492587,10943108,,PRESERVED_SPECIMEN,MPEG,ANL,MPEG.ANL 000109,,,
1438492586,0,,PRESERVED_SPECIMEN,MPEG,ANL,MPEG.ANL 000121,,,
1438492585,0,,PRESERVED_SPECIMEN,MPEG,ANL,MPEG.ANL 000114,,,
1438492584,0,,PRESERVED_SPECIMEN,MPEG,ANL,MPEG.ANL 000107,,,
1438492583,0,,PRESERVED_SPECIMEN,MPEG,ANL,MPEG.ANL 000106,,,
1438492582,10943108,,PRESERVED_SPECIMEN,MPEG,ANL,MPEG.ANL 000110,,,
1438492581,0,,PRESERVED_SPECIMEN,MPEG,ANL,MPEG.ANL 000123,,,
1438492580,10943108,,PRESERVED_SPECIMEN,MPEG,ANL,MPEG.ANL 000108,,,
1438492579,10943108,,PRESERVED_SPECIMEN,MPEG,ANL,MPEG.ANL 000102,,,
1438492578,0,,PRESERVED_SPECIMEN,MPEG,ANL,MPEG.ANL 000112,,,
1438492577,10943108,,PRESERVED_SPECIMEN,MPEG,ANL,MPEG.ANL 000103,,,
1438492576,0,,PRESERVED_SPECIMEN,MPEG,ANL,MPEG.ANL 000119,,,
1438492575,0,,PRESERVED_SPECIMEN,MPEG,ANL,MPEG.ANL 000117,,,
1438492574,0,,PRESERVED_SPECIMEN,MPEG,ANL,MPEG.ANL 000125,,,
1438492573,0,,PRESERVED_SPECIMEN,MPEG,ANL,MPEG.ANL 000113,,,
1438492572,10943108,,PRESERVED_SPECIMEN,MPEG,ANL,MPEG.ANL 000105,,,
1438492571,0,,PRESERVED_SPECIMEN,MPEG,ANL,MPEG.ANL 000118,,,
1438492570,10943108,,PRESERVED_SPECIMEN,MPEG,ANL,MPEG.ANL 000099,,,
1438492569,0,,PRESERVED_SPECIMEN,MPEG,ANL,MPEG.ANL 000076,,,
1438492568,0,,PRESERVED_SPECIMEN,MPEG,ANL,MPEG.ANL 000095,,,
1438492567,0,,PRESERVED_SPECIMEN,MPEG,ANL,MPEG.ANL 000090,,,
1438492566,10943108,,PRESERVED_SPECIMEN,MPEG,ANL,MPEG.ANL 000079,,,
1438492565,0,,PRESERVED_SPECIMEN,MPEG,ANL,MPEG.ANL 000084,,,
1438492564,0,,PRESERVED_SPECIMEN,MPEG,ANL,MPEG.ANL 000091,,,
1438492563,0,,PRESERVED_SPECIMEN,MPEG,ANL,MPEG.ANL 000086,,,
1438492562,0,,PRESERVED_SPECIMEN,MPEG,ANL,MPEG.ANL 000097,,,
1438492561,0,,PRESERVED_SPECIMEN,MPEG,ANL,MPEG.ANL 000096,,,
1438492560,0,,PRESERVED_SPECIMEN,MPEG,ANL,MPEG.ANL 000089,,,
1438492559,10943108,,PRESERVED_SPECIMEN,MPEG,ANL,MPEG.ANL 000098,,,
1438492558,0,,PRESERVED_SPECIMEN,MPEG,ANL,MPEG.ANL 000082,,,
1438492557,0,,PRESERVED_SPECIMEN,MPEG,ANL,MPEG.ANL 000077,,,
1438492556,0,,PRESERVED_SPECIMEN,MPEG,ANL,MPEG.ANL 000085,,,
1438492555,0,,PRESERVED_SPECIMEN,MPEG,ANL,MPEG.ANL 000081,,,
1438492554,0,,PRESERVED_SPECIMEN,MPEG,ANL,MPEG.ANL 000083,,,
1438492553,0,,PRESERVED_SPECIMEN,MPEG,ANL,MPEG.ANL 000087,,,
1438492552,10943108,,PRESERVED_SPECIMEN,MPEG,ANL,MPEG.ANL 000078,,,
1438492551,0,,PRESERVED_SPECIMEN,MPEG,ANL,MPEG.ANL 000094,,,
1438492550,10943108,,PRESERVED_SPECIMEN,MPEG,ANL,MPEG.ANL 000100,,,
1438492549,0,,PRESERVED_SPECIMEN,MPEG,ANL,MPEG.ANL 000092,,,
1438492548,0,,PRESERVED_SPECIMEN,MPEG,ANL,MPEG.ANL 000088,,,
1438492547,0,,PRESERVED_SPECIMEN,MPEG,ANL,MPEG.ANL 000093,,,
1438492546,0,,PRESERVED_SPECIMEN,MPEG,ANL,MPEG.ANL 000080,,,
1438492545,2308741,2308741,PRESERVED_SPECIMEN,MPEG,ANL,MPEG.ANL 000054,,,
1438492544,0,,PRESERVED_SPECIMEN,MPEG,ANL,MPEG.ANL 000070,,,
1438492543,0,,PRESERVED_SPECIMEN,MPEG,ANL,MPEG.ANL 000066,,,
1438492542,0,,PRESERVED_SPECIMEN,MPEG,ANL,MPEG.ANL 000071,,,
1438492541,2308741,2308741,PRESERVED_SPECIMEN,MPEG,ANL,MPEG.ANL 000059,,,
1438492540,0,,PRESERVED_SPECIMEN,MPEG,ANL,MPEG.ANL 000065,,,
1438492539,2308741,2308741,PRESERVED_SPECIMEN,MPEG,ANL,MPEG.ANL 000051,,,
1438492538,0,,PRESERVED_SPECIMEN,MPEG,ANL,MPEG.ANL 000064,,,
1438492537,0,,PRESERVED_SPECIMEN,MPEG,ANL,MPEG.ANL 000074,,,
1438492536,0,,PRESERVED_SPECIMEN,MPEG,ANL,MPEG.ANL 000061,,,
1438492535,0,,PRESERVED_SPECIMEN,MPEG,ANL,MPEG.ANL 000072,,,
1438492534,0,,PRESERVED_SPECIMEN,MPEG,ANL,MPEG.ANL 000073,,,
1438492533,2308741,2308741,PRESERVED_SPECIMEN,MPEG,ANL,MPEG.ANL 000057,,,
1438492532,2308741,2308741,PRESERVED_SPECIMEN,MPEG,ANL,MPEG.ANL 000056,,,
1438492531,2308741,2308741,PRESERVED_SPECIMEN,MPEG,ANL,MPEG.ANL 000060,,,
1438492530,2308741,2308741,PRESERVED_SPECIMEN,MPEG,ANL,MPEG.ANL 000052,,,
1438492529,10943108,,PRESERVED_SPECIMEN,MPEG,ANL,MPEG.ANL 000062,,,
1438492528,2308741,2308741,PRESERVED_SPECIMEN,MPEG,ANL,MPEG.ANL 000053,,,
1438492527,2308741,2308741,PRESERVED_SPECIMEN,MPEG,ANL,MPEG.ANL 000058,,,
1438492526,0,,PRESERVED_SPECIMEN,MPEG,ANL,MPEG.ANL 000069,,,
1438492525,0,,PRESERVED_SPECIMEN,MPEG,ANL,MPEG.ANL 000067,,,
1438492524,0,,PRESERVED_SPECIMEN,MPEG,ANL,MPEG.ANL 000075,,,
1438492523,0,,PRESERVED_SPECIMEN,MPEG,ANL,MPEG.ANL 000063,,,
1438492522,0,,PRESERVED_SPECIMEN,MPEG,ANL,MPEG.ANL 000068,,,
1438492521,2308741,2308741,PRESERVED_SPECIMEN,MPEG,ANL,MPEG.ANL 000055,,,
1438492520,2308741,2308741,PRESERVED_SPECIMEN,MPEG,ANL,MPEG.ANL 000027,,,
1438492519,2308741,2308741,PRESERVED_SPECIMEN,MPEG,ANL,MPEG.ANL 000046,,,
1438492518,2308741,2308741,PRESERVED_SPECIMEN,MPEG,ANL,MPEG.ANL 000028,,,
1438492517,2308741,2308741,PRESERVED_SPECIMEN,MPEG,ANL,MPEG.ANL 000048,,,
1438492516,2308741,2308741,PRESERVED_SPECIMEN,MPEG,ANL,MPEG.ANL 000029,,,
1438492515,2308741,2308741,PRESERVED_SPECIMEN,MPEG,ANL,MPEG.ANL 000039,,,
1438492514,2308741,2308741,PRESERVED_SPECIMEN,MPEG,ANL,MPEG.ANL 000031,,,
1438492513,2308741,2308741,PRESERVED_SPECIMEN,MPEG,ANL,MPEG.ANL 000033,,,
1438492512,2308741,2308741,PRESERVED_SPECIMEN,MPEG,ANL,MPEG.ANL 000047,,,
1438492511,2308741,2308741,PRESERVED_SPECIMEN,MPEG,ANL,MPEG.ANL 000045,,,
1438492510,2308741,2308741,PRESERVED_SPECIMEN,MPEG,ANL,MPEG.ANL 000032,,,
1438492509,2308741,2308741,PRESERVED_SPECIMEN,MPEG,ANL,MPEG.ANL 000049,,,
1438492508,2308741,2308741,PRESERVED_SPECIMEN,MPEG,ANL,MPEG.ANL 000041,,,
1438492507,2308741,2308741,PRESERVED_SPECIMEN,MPEG,ANL,MPEG.ANL 000040,,,
1438492506,2308741,2308741,PRESERVED_SPECIMEN,MPEG,ANL,MPEG.ANL 000044,,,
1438492505,2308741,2308741,PRESERVED_SPECIMEN,MPEG,ANL,MPEG.ANL 000034,,,
1438492504,2308741,2308741,PRESERVED_SPECIMEN,MPEG,ANL,MPEG.ANL 000037,,,
1438492503,2308741,2308741,PRESERVED_SPECIMEN,MPEG,ANL,MPEG.ANL 000026,,,
1438492502,2308741,2308741,PRESERVED_SPECIMEN,MPEG,ANL,MPEG.ANL 000036,,,
1438492501,2308741,2308741,PRESERVED_SPECIMEN,MPEG,ANL,MPEG.ANL 000035,,,
1438492500,2308741,2308741,PRESERVED_SPECIMEN,MPEG,ANL,MPEG.ANL 000042,,,
1438492499,2308741,2308741,PRESERVED_SPECIMEN,MPEG,ANL,MPEG.ANL 000050,,,
1438492498,2308741,2308741,PRESERVED_SPECIMEN,MPEG,ANL,MPEG.ANL 000043,,,
1438492497,2308741,2308741,PRESERVED_SPECIMEN,MPEG,ANL,MPEG.ANL 000038,,,
1438492496,2308741,2308741,PRESERVED_SPECIMEN,MPEG,ANL,MPEG.ANL 000030,,,
1438492495,2308741,2308741,PRESERVED_SPECIMEN,MPEG,ANL,MPEG.ANL 000004,,,
1438492494,2308741,2308741,PRESERVED_SPECIMEN,MPEG,ANL,MPEG.ANL 000006,,,
1438492493,2308741,2308741,PRESERVED_SPECIMEN,MPEG,ANL,MPEG.ANL 000025,,,
1438492492,2308741,2308741,PRESERVED_SPECIMEN,MPEG,ANL,MPEG.ANL 000005,,,
1438492491,2308741,2308741,PRESERVED_SPECIMEN,MPEG,ANL,MPEG.ANL 000020,,,
1438492490,2308741,2308741,PRESERVED_SPECIMEN,MPEG,ANL,MPEG.ANL 000014,,,
1438492489,2308741,2308741,PRESERVED_SPECIMEN,MPEG,ANL,MPEG.ANL 000012,,,
1438492488,2308741,2308741,PRESERVED_SPECIMEN,MPEG,ANL,MPEG.ANL 000018,,,
1438492487,2308741,2308741,PRESERVED_SPECIMEN,MPEG,ANL,MPEG.ANL 000015,,,
1438492486,2308741,2308741,PRESERVED_SPECIMEN,MPEG,ANL,MPEG.ANL 000022,,,
1438492485,2308741,2308741,PRESERVED_SPECIMEN,MPEG,ANL,MPEG.ANL 000001,,,
1438492484,2308741,2308741,PRESERVED_SPECIMEN,MPEG,ANL,MPEG.ANL 000021,,,
1438492483,2308741,2308741,PRESERVED_SPECIMEN,MPEG,ANL,MPEG.ANL 000002,,,
1438492482,2308741,2308741,PRESERVED_SPECIMEN,MPEG,ANL,MPEG.ANL 000008,,,
1438492481,2308741,2308741,PRESERVED_SPECIMEN,MPEG,ANL,MPEG.ANL 000011,,,
1438492480,2308741,2308741,PRESERVED_SPECIMEN,MPEG,ANL,MPEG.ANL 000016,,,
1438492479,2308741,2308741,PRESERVED_SPECIMEN,MPEG,ANL,MPEG.ANL 000017,,,
1438492478,2308741,2308741,PRESERVED_SPECIMEN,MPEG,ANL,MPEG.ANL 000003,,,
1438492477,2308741,2308741,PRESERVED_SPECIMEN,MPEG,ANL,MPEG.ANL 000007,,,
1438492476,2308741,2308741,PRESERVED_SPECIMEN,MPEG,ANL,MPEG.ANL 000013,,,
1438492475,2308741,2308741,PRESERVED_SPECIMEN,MPEG,ANL,MPEG.ANL 000009,,,
1438492474,2308741,2308741,PRESERVED_SPECIMEN,MPEG,ANL,MPEG.ANL 000023,,,
1438492473,2308741,2308741,PRESERVED_SPECIMEN,MPEG,ANL,MPEG.ANL 000019,,,
1438492472,2308741,2308741,PRESERVED_SPECIMEN,MPEG,ANL,MPEG.ANL 000024,,,
1438492471,2308741,2308741,PRESERVED_SPECIMEN,MPEG,ANL,MPEG.ANL 000010,,,
