gbifID,countryCode,locality,stateProvince,decimalLatitude,decimalLongitude,coordinateUncertaintyInMeters,coordinatePrecision
2365686427,BR,Mocambo,Pará,1440694.0,-4841125.0,,
2365686418,BR,Fazenda Escola,Maranhão,-4587222.0,-44208611.0,,
2365686416,BR,Santa Tereza Village,Maranhão,-4899722.0,-43470833.0,,
2365686414,BR,Mocambo,Pará,1440694.0,-4841125.0,,
2365686412,BR,Mocambo,Pará,1440694.0,-4841125.0,,
2365686409,BR,Ilha de Canela,Pará,,,,
2365686408,BR,Rosário,Maranhão,-2853972.0,-44153167.0,,
2365686407,BR,Península Bragantina,Pará,,,,
2365686406,BR,Mocambo,Pará,1440694.0,-4841125.0,,
2365686405,BR,Mocambo,Pará,1440694.0,-4841125.0,,
2365686403,BR,Plataforma Continental do Amazonas,Pará,37817.0,-49840417.0,,
2365686397,BR,Mocambo,Pará,1440694.0,-4841125.0,,
2365686396,BR,Mocambo,Pará,1440694.0,-4841125.0,,
2365686394,BR,Fazenda Escola,Maranhão,-4587222.0,-44208611.0,,
2365686393,BR,Mocambo,Pará,1440694.0,-4841125.0,,
2365686392,BR,Ilha de Canela,Pará,,,,
2365686391,BR,Santa Tereza Village,Maranhão,-4558333.0,-43470833.0,,
2365686390,BR,Fazenda Escola,Maranhão,-4587222.0,-44208611.0,,
2365686389,BR,Rosário,Maranhão,-2853972.0,-44153167.0,,
2365686388,BR,Mocambo,Pará,1440694.0,-4841125.0,,
2365686387,BR,Fazenda Escola,Maranhão,-4587222.0,-44208611.0,,
2365686386,BR,Península Bragantina,Pará,,,,
2365686385,BR,Mocambo,Pará,1440694.0,-4841125.0,,
2365686384,BR,Ilha de Canela,Pará,,,,
2365686382,BR,Península Bragantina,Pará,,,,
2365686381,BR,Mocambo,Pará,1440694.0,-4841125.0,,
2365686380,BR,Rio Grande,Maranhão,-242375.0,-44425444.0,,
2365686379,BR,Mocambo,Pará,1440694.0,-4841125.0,,
2365686377,BR,Mocambo,Pará,1440694.0,-4841125.0,,
2365686376,BR,Mocambo,Pará,1440694.0,-4841125.0,,
2365686375,BR,Península Bragantina,Pará,,,,
2365686373,BR,Ilha de Algodoal,Pará,,,,
2365686370,BR,Mocambo,Pará,1440694.0,-4841125.0,,
2365686369,BR,Plataforma Continental do Amazonas,Pará,3938833.0,-50653333.0,,
2365686367,BR,Mocambo,Pará,1440694.0,-4841125.0,,
2365686366,BR,Santa Tereza Village,Maranhão,-4558333.0,-43470833.0,,
2365686364,BR,Mocambo,Pará,1440694.0,-4841125.0,,
2365686362,BR,Mocambo,Pará,1440694.0,-4841125.0,,
2365686360,BR,Fazenda Escola,Maranhão,-4587222.0,-44208611.0,,
2365686359,BR,Tomé-Açu,Maranhão,-2394167.0,-48164444.0,,
2365686358,BR,Mocambo,Pará,1440694.0,-4841125.0,,
2365686356,BR,Fazenda Escola,Maranhão,-4587222.0,-44208611.0,,
2365686355,BR,Curuça,Pará,,,,
2365686354,BR,Ilha de Algodoal,Pará,,,,
2365686353,BR,Mocambo,Pará,1440694.0,-4841125.0,,
2365686347,BR,Curuça,Pará,,,,
2365686346,BR,Mocambo,Pará,1440694.0,-4841125.0,,
2365686343,BR,Mocambo,Pará,1440694.0,-4841125.0,,
2365686340,BR,Mocambo,Pará,1440694.0,-4841125.0,,
2365686339,BR,Mocambo,Pará,1440694.0,-4841125.0,,
2365686338,BR,Fazenda Escola,Maranhão,-4587222.0,-44208611.0,,
2365686337,BR,Maranhão Federal Institute,Maranhão,-4820833.0,-43342222.0,,
2365686336,BR,Inhamum Protection Area,Maranhão,-4890833.0,-43420278.0,,
2365686332,BR,Fazenda Escola,Maranhão,-4587222.0,-44208611.0,,
2365686331,BR,Mocambo,Pará,1440694.0,-4841125.0,,
2365686330,BR,Mocambo,Pará,1440694.0,-4841125.0,,
2365686328,BR,Praia de Marudá,Pará,,,,
2365686325,BR,Ilha de Canela,Pará,,,,
2365686324,BR,Mocambo,Pará,1440694.0,-4841125.0,,
2365686320,BR,Inhamum Protection Area,Maranhão,-48625.0,-43363889.0,,
2365686318,BR,Mocambo,Pará,1440694.0,-4841125.0,,
2365686317,BR,Mocambo,Pará,1440694.0,-4841125.0,,
2365686316,BR,Rosário,Maranhão,-2853972.0,-44153167.0,,
2365686311,BR,Mocambo,Pará,1440694.0,-4841125.0,,
2365686308,BR,Península Bragantina,Pará,,,,
2365686307,BR,Furo Grande,Pará,,,,
2365686304,BR,Praia de Marudá,Pará,,,,
2365686303,BR,Mocambo,Pará,1440694.0,-4841125.0,,
2365686200,BR,Ilha de Canela,Pará,,,,
2365686199,BR,Plataforma Continental do Amazonas,Pará,3135833.0,-48449.0,,
2365686198,BR,Mocambo,Pará,1440694.0,-4841125.0,,
2365686193,BR,Curuça,Pará,,,,
2365686192,BR,Rio Grande,Maranhão,-242375.0,-44425444.0,,
2365686191,BR,Rosário,Maranhão,-2853972.0,-44153167.0,,
2365686190,BR,Ilha de Canela,Pará,,,,
2365686189,BR,Maranhão Federal Institute,Maranhão,-4904167.0,-43472222.0,,
2365686187,BR,Reserva Biológica Gurupi,Maranhão,-40428.0,-46906058.0,,
2365686184,BR,Santa Tereza Village,Maranhão,-4891111.0,-43425833.0,,
2365686180,BR,Maranhão Federal Institute,Maranhão,-4821667.0,-43342222.0,,
2365686177,BR,Santa Tereza Village,Maranhão,-4891111.0,-43425833.0,,
2365686175,BR,Mocambo,Pará,1440694.0,-4841125.0,,
2365686174,BR,Mocambo,Pará,1440694.0,-4841125.0,,
2365686173,BR,Mocambo,Pará,1440694.0,-4841125.0,,
2365686171,BR,Mocambo,Pará,1440694.0,-4841125.0,,
2365686165,BR,Mocambo,Pará,1440694.0,-4841125.0,,
2365686160,BR,Mocambo,Pará,1440694.0,-4841125.0,,
2365686158,BR,Praia de Ajuruteua,Pará,,,,
2365686157,BR,Santa Tereza Village,Maranhão,-4899722.0,-43470833.0,,
2365686154,BR,Maranhão Federal Institute,Maranhão,-4821111.0,-43340833.0,,
2365686151,BR,Península Bragantina,Pará,,,,
2365686149,BR,Maranhão Federal Institute,Maranhão,-4904167.0,-43472222.0,,
2365686148,BR,Reserva Biológica Gurupi,Maranhão,-40428.0,-46906058.0,,
2365686145,BR,Mocambo,Pará,1440694.0,-4841125.0,,
2365686144,BR,Península Bragantina,Pará,,,,
2365686139,BR,Santa Tereza Village,Maranhão,-4904167.0,-43472222.0,,
2365686135,BR,Mocambo,Pará,1440694.0,-4841125.0,,
2365686133,BR,Ilha de Canela,Pará,,,,
2365686132,BR,Ilha de Algodoal,Pará,,,,
2365686129,BR,Mocambo,Pará,1440694.0,-4841125.0,,
2365686128,BR,Mocambo,Pará,1440694.0,-4841125.0,,
2365686125,BR,Mocambo,Pará,1440694.0,-4841125.0,,
2365686124,BR,Mocambo,Pará,1440694.0,-4841125.0,,
2365686123,BR,Mocambo,Pará,1440694.0,-4841125.0,,
2365686117,BR,Mocambo,Pará,1440694.0,-4841125.0,,
2365686116,BR,Maranhão Federal Institute,Maranhão,-4818611.0,-43343056.0,,
2365686115,BR,Península Bragantina,Pará,,,,
2365686113,BR,Ilha de Algodoal,Pará,,,,
2365686111,BR,Maranhão Federal Institute,Maranhão,-4904167.0,-43472222.0,,
2365686110,BR,Santa Tereza Village,Maranhão,-4891111.0,-43425833.0,,
2365686106,BR,Península Bragantina,Pará,,,,
2365686105,BR,Mocambo,Pará,1440694.0,-4841125.0,,
2365686103,BR,Península Bragantina,Pará,,,,
2365686100,BR,Ilha de Algodoal,Pará,,,,
2365686098,BR,Parque Nacional de Jericoacoara,Ceará,,,,
2365686094,BR,Tomé-Açu,Maranhão,-2394167.0,-48164444.0,,
2365686088,BR,Santa Tereza Village,Maranhão,-4899722.0,-43470833.0,,
2365686087,BR,"Praia do Miguel, Ilha do Mel",Paraná,,,,
2365686085,BR,Península Bragantina,Pará,,,,
2365686083,BR,Rio dos Bois,Maranhão,-4038889.0,-46932778.0,,
2365686081,BR,Mocambo,Pará,1440694.0,-4841125.0,,
2365686079,BR,Mocambo,Pará,1440694.0,-4841125.0,,
2365686078,BR,Mocambo,Pará,1440694.0,-4841125.0,,
2365686077,BR,Mocambo,Pará,1440694.0,-4841125.0,,
2365686076,BR,Mocambo,Pará,1440694.0,-4841125.0,,
2365686074,BR,Mocambo,Pará,1440694.0,-4841125.0,,
2365686070,BR,Ilha de Algodoal,Pará,,,,
2365686066,BR,Mocambo,Pará,1440694.0,-4841125.0,,
2365686065,BR,Praia de Ajuruteua,Pará,,,,
2365686061,BR,Plataforma Continental do Amazonas,Pará,37817.0,-49840417.0,,
2365686058,BR,Mocambo,Pará,1440694.0,-4841125.0,,
2365686056,BR,Inhamum Protection Area,Maranhão,-4861944.0,-43363333.0,,
2365686052,BR,Mocambo,Pará,1440694.0,-4841125.0,,
2365686049,BR,Mocambo,Pará,1440694.0,-4841125.0,,
2365686044,BR,Mocambo,Pará,1440694.0,-4841125.0,,
2365686040,BR,Mocambo,Pará,1440694.0,-4841125.0,,
2365686036,BR,Praia de Marudá,Pará,,,,
2365686034,BR,Curuça,Pará,,,,
2365686023,BR,Rosário,Maranhão,-2853972.0,-44153167.0,,
2365686021,BR,Ilha de Algodoal,Pará,,,,
2365686020,BR,Mocambo,Pará,1440694.0,-4841125.0,,
2365686019,BR,Mocambo,Pará,1440694.0,-4841125.0,,
2365686018,BR,Mocambo,Pará,1440694.0,-4841125.0,,
2365686016,BR,Mocambo,Pará,1440694.0,-4841125.0,,
2365686010,BR,Mocambo,Pará,1440694.0,-4841125.0,,
2365686006,BR,Santa Tereza Village,Maranhão,-4891111.0,-43425833.0,,
2365686000,,,,,,,
2365685996,BR,Assentamento Horizonte Azul,Maranhão,-40428.0,-46906058.0,,
2365685995,BR,Mocambo,Pará,1440694.0,-4841125.0,,
2365685991,BR,Mocambo,Pará,1440694.0,-4841125.0,,
2365685989,BR,Mocambo,Pará,1440694.0,-4841125.0,,
2365685987,BR,Reserva Biológica Gurupi,Maranhão,-40428.0,-46906058.0,,
2365685986,BR,Ilha de Algodoal,Pará,,,,
2365685984,BR,Mocambo,Pará,1440694.0,-4841125.0,,
2365685982,BR,Fazenda Escola,Maranhão,-4587222.0,-44208611.0,,
2365685978,BR,Fazenda Escola,Maranhão,-4587222.0,-44208611.0,,
2365685977,BR,Praia de Marudá,Pará,,,,
2365685974,BR,Maranhão Federal Institute,Maranhão,-4827778.0,-433425.0,,
2365685973,BR,Península Bragantina,Pará,,,,
2365685971,BR,Ilha de Canela,Pará,,,,
2365685967,BR,Mocambo,Pará,1440694.0,-4841125.0,,
2365685963,BR,Rio dos Bois,Maranhão,-4038889.0,-46932778.0,,
2365685962,BR,Maranhão Federal Institute,Maranhão,-4821667.0,-43342222.0,,
2365685961,BR,Mocambo,Pará,1440694.0,-4841125.0,,
2365685960,BR,Mocambo,Pará,1440694.0,-4841125.0,,
2365685959,BR,Mocambo,Pará,1440694.0,-4841125.0,,
2365685953,BR,Marudá,Maranhão,-3686322.0,-46765706.0,,
2365685948,BR,Praia de Marudá,Pará,,,,
2365685947,BR,Mocambo,Pará,1440694.0,-4841125.0,,
2365685946,BR,Praia de Marudá,Pará,,,,
2365685944,BR,Santa Tereza Village,Maranhão,-4891111.0,-43425833.0,,
2365685943,BR,Praia de Marudá,Pará,,,,
2365685936,BR,Mocambo,Pará,1440694.0,-4841125.0,,
2365685935,BR,Mocambo,Pará,1440694.0,-4841125.0,,
2365685933,BR,Plataforma Continental do Amazonas,Pará,1286333.0,-47858333.0,,
2365685932,BR,Fazenda Escola,Maranhão,-4587222.0,-44208611.0,,
2365685929,BR,Praia de Marudá,Pará,,,,
2365685924,BR,Mocambo,Pará,1440694.0,-4841125.0,,
2365685923,BR,Mocambo,Pará,1440694.0,-4841125.0,,
2365685922,BR,Sede da Caramuru Alimentos S.A.,Pará,,,,
2365685919,BR,Santa Tereza Village,Maranhão,-4899722.0,-43470833.0,,
2365685915,BR,Santa Tereza Village,Maranhão,-4891111.0,-43425833.0,,
2365685914,BR,Mocambo,Pará,1440694.0,-4841125.0,,
2365685911,BR,Santa Tereza Village,Maranhão,-4891111.0,-43425833.0,,
2365685908,BR,Fazenda Escola,Maranhão,-4587222.0,-44208611.0,,
2365685903,BR,Ilha de Algodoal,Pará,,,,
2365685902,BR,Mocambo,Pará,1440694.0,-4841125.0,,
2365685901,BR,Ilha de Algodoal,Pará,,,,
2365685899,BR,Sede da Caramuru Alimentos S.A.,Pará,,,,
2365685898,BR,Praia de Ajuruteua,Pará,,,,
2365685896,BR,Mocambo,Pará,1440694.0,-4841125.0,,
2365685893,BR,Mocambo,Pará,1440694.0,-4841125.0,,
2365685886,BR,Mocambo,Pará,1440694.0,-4841125.0,,
2365685884,BR,Mocambo,Pará,1440694.0,-4841125.0,,
2365685882,BR,Mocambo,Pará,1440694.0,-4841125.0,,
2365685877,BR,Fazenda Escola,Maranhão,-4587222.0,-44208611.0,,
2365685876,BR,Mocambo,Pará,1440694.0,-4841125.0,,
2365685875,BR,Mocambo,Pará,1440694.0,-4841125.0,,
2365685874,BR,"Praia do Miguel, Ilha do Mel",Paraná,,,,
2365685871,BR,Ilha de Algodoal,Pará,,,,
2365685870,BR,Península Bragantina,Pará,,,,
2365685867,BR,Maranhão Federal Institute,Maranhão,-4904167.0,-43472222.0,,
2365685865,BR,Reserva Biológica Gurupi,Maranhão,-40428.0,-46906058.0,,
2365685861,BR,Mocambo,Pará,1440694.0,-4841125.0,,
2365685860,BR,Santa Tereza Village,Maranhão,-4899722.0,-43470833.0,,
2365685859,BR,Ilha de Canela,Pará,,,,
2365685855,BR,Assentamento Horizonte Azul,Maranhão,-40428.0,-46906058.0,,
2365685854,BR,Ilha de Canela,Pará,,,,
2365685852,BR,Mocambo,Pará,1440694.0,-4841125.0,,
2365685851,BR,Inhamum Protection Area,Maranhão,-4891111.0,-43425556.0,,
2365685848,BR,Marudá,Maranhão,-3686322.0,-46765706.0,,
2365685847,BR,Praia de Marudá,Pará,,,,
2365685846,BR,Mocambo,Pará,1440694.0,-4841125.0,,
2365685845,BR,Praia de Ajuruteua,Pará,,,,
2365685844,BR,Ilha de Canela,Pará,,,,
2365685842,BR,Mocambo,Pará,1440694.0,-4841125.0,,
2365685841,BR,Mocambo,Pará,1440694.0,-4841125.0,,
2365685840,BR,Mocambo,Pará,1440694.0,-4841125.0,,
2365685837,BR,Reserva Biológica Gurupi,Maranhão,-40428.0,-46906058.0,,
2365685833,BR,Mocambo,Pará,1440694.0,-4841125.0,,
2365685831,BR,Reserva Biológica Gurupi,Maranhão,-40428.0,-46906058.0,,
2365685830,BR,Inhamum Protection Area,Maranhão,-4887222.0,-43425278.0,,
2365685828,BR,Fazenda Escola,Maranhão,-4587222.0,-44208611.0,,
2365685826,BR,Mocambo,Pará,1440694.0,-4841125.0,,
2365685825,BR,Ilha de Algodoal,Pará,,,,
2365685824,BR,Ilha de Algodoal,Pará,,,,
2365685823,BR,Reserva Biológica Gurupi,Maranhão,-40428.0,-46906058.0,,
2365685818,BR,Fazenda Escola,Maranhão,-4587222.0,-44208611.0,,
2365685817,BR,Mocambo,Pará,1440694.0,-4841125.0,,
2365685816,BR,Ilha de Algodoal,Pará,,,,
2365685814,BR,Reserva Biológica Gurupi,Maranhão,-40428.0,-46906058.0,,
2365685810,BR,Inhamum Protection Area,Maranhão,-4887222.0,-43425278.0,,
2365685809,BR,Assentamento Horizonte Azul,Maranhão,-40428.0,-46906058.0,,
2365685807,BR,Marudá,Maranhão,-3686322.0,-46765706.0,,
2365685806,BR,Curuça,Pará,,,,
2365685805,BR,Curuça,Pará,,,,
2365685800,BR,Rio dos Bois,Maranhão,-4038889.0,-46932778.0,,
2365685799,BR,Reserva Biológica Gurupi,Maranhão,-40428.0,-46906058.0,,
2365685798,BR,Ilha de Canela,Pará,,,,
2365685797,BR,Mocambo,Pará,1440694.0,-4841125.0,,
2365685796,BR,Praia de Marudá,Pará,,,,
2365685795,BR,Mocambo,Pará,1440694.0,-4841125.0,,
2365685794,BR,Mocambo,Pará,1440694.0,-4841125.0,,
2365685792,BR,Mocambo,Pará,1440694.0,-4841125.0,,
2365685791,BR,Curuça,Pará,,,,
2365685790,BR,Mocambo,Pará,1440694.0,-4841125.0,,
2365685789,BR,Mocambo,Pará,1440694.0,-4841125.0,,
2365685788,BR,Praia de Marudá,Pará,,,,
2365685787,BR,Mocambo,Pará,1440694.0,-4841125.0,,
2365685786,BR,Fazenda Escola,Maranhão,-4587222.0,-44208611.0,,
2365685783,BR,Mocambo,Pará,1440694.0,-4841125.0,,
2365685781,BR,Península Bragantina,Pará,,,,
2365685779,BR,Mocambo,Pará,1440694.0,-4841125.0,,
2365685778,BR,Maranhão Federal Institute,Maranhão,-4904167.0,-43472222.0,,
2365685774,BR,Santa Tereza Village,Maranhão,-4891111.0,-43425833.0,,
2365685773,BR,Mocambo,Pará,1440694.0,-4841125.0,,
2365685769,BR,Fazenda Escola,Maranhão,-4587222.0,-44208611.0,,
2365685764,BR,Praia de Marudá,Pará,,,,
2365685762,BR,Ilha de Canela,Pará,,,,
2365685759,BR,Mocambo,Pará,1440694.0,-4841125.0,,
2365685756,BR,Mocambo,Pará,1440694.0,-4841125.0,,
2365685755,BR,Mocambo,Pará,1440694.0,-4841125.0,,
2365685750,BR,Ilha de Canela,Pará,,,,
2365685749,BR,Praia de Salinas,Pará,,,,
2365685748,BR,Fazenda Escola,Maranhão,-4587222.0,-44208611.0,,
2365685746,BR,Praia de Marudá,Pará,,,,
2365685744,BR,Santa Tereza Village,Maranhão,-4899722.0,-43470833.0,,
2365685742,BR,Mocambo,Pará,1440694.0,-4841125.0,,
2365685740,BR,Ilha de Algodoal,Pará,,,,
2365685739,BR,Mocambo,Pará,1440694.0,-4841125.0,,
2365685733,BR,Fazenda Escola,Maranhão,-4587222.0,-44208611.0,,
2365685732,BR,Marudá,Maranhão,-3686322.0,-46765706.0,,
2365685731,BR,Furo Grande,Pará,,,,
2365685729,BR,Fazenda Escola,Maranhão,-4587222.0,-44208611.0,,
2365685726,BR,Mocambo,Pará,1440694.0,-4841125.0,,
2365685723,BR,Mocambo,Pará,1440694.0,-4841125.0,,
2365685722,BR,Ilha de Algodoal,Pará,,,,
2365685720,BR,Mocambo,Pará,1440694.0,-4841125.0,,
2365685714,BR,Santa Tereza Village,Maranhão,-4891111.0,-43425833.0,,
2365685708,BR,Ilha de Canela,Pará,,,,
2365685707,BR,Mocambo,Pará,1440694.0,-4841125.0,,
2365685705,BR,Mocambo,Pará,1440694.0,-4841125.0,,
2365685704,BR,Mocambo,Pará,1440694.0,-4841125.0,,
2365685703,BR,Ilha de Canela,Pará,,,,
2365685699,BR,Mocambo,Pará,1440694.0,-4841125.0,,
2365685697,BR,Mocambo,Pará,1440694.0,-4841125.0,,
2365685691,BR,Santa Tereza Village,Maranhão,-4891111.0,-43425833.0,,
2365685689,BR,Ilha de Canela,Pará,,,,
2365685685,BR,Tomé-Açu,Maranhão,-2394167.0,-48164444.0,,
2365685684,BR,Península Bragantina,Pará,,,,
2365685677,BR,Mocambo,Pará,1440694.0,-4841125.0,,
2365685666,BR,Mocambo,Pará,1440694.0,-4841125.0,,
2365685663,BR,Praia de Marudá,Pará,,,,
2365685658,BR,Mocambo,Pará,1440694.0,-4841125.0,,
2365685655,BR,Sitio Aguahy,Maranhão,-2650528.0,-44147056.0,,
2365685650,BR,Praia de Marudá,Pará,,,,
2365685649,BR,Praia de Marudá,Pará,,,,
2365685646,BR,Rio dos Bois,Maranhão,-4038889.0,-46932778.0,,
2365685644,BR,Santa Tereza Village,Maranhão,-4899722.0,-43470833.0,,
2365685643,BR,Furo Grande,Pará,,,,
2365685639,BR,Mocambo,Pará,1440694.0,-4841125.0,,
2365685637,BR,Mocambo,Pará,1440694.0,-4841125.0,,
2365685631,BR,Plataforma Continental do Amazonas,Pará,3788933.0,-49731833.0,,
2365685624,BR,Mocambo,Pará,1440694.0,-4841125.0,,
2365685598,BR,Santa Tereza Village,Maranhão,-4899722.0,-43470833.0,,
2365685596,BR,Fazenda Escola,Maranhão,-4587222.0,-44208611.0,,
2365685592,BR,Mocambo,Pará,1440694.0,-4841125.0,,
2365685587,BR,Mocambo,Pará,1440694.0,-4841125.0,,
2365685580,BR,Mocambo,Pará,1440694.0,-4841125.0,,
2365685578,BR,Ilha de Algodoal,Pará,,,,
2365685573,BR,Mocambo,Pará,1440694.0,-4841125.0,,
2365685562,BR,Reserva Biológica Gurupi,Maranhão,-40428.0,-46906058.0,,
2365685559,BR,Plataforma Continental do Amazonas,Pará,12766.0,-47875.0,,
2365685556,BR,Mocambo,Pará,1440694.0,-4841125.0,,
2365685552,BR,Rio dos Bois,Maranhão,-4038889.0,-46932778.0,,
2365685550,BR,Ilha de Canela,Pará,,,,
2365685534,BR,Fazenda Escola,Maranhão,-4587222.0,-44208611.0,,
2365685521,BR,Rio Grande,Maranhão,-242375.0,-44425444.0,,
2365685520,BR,Fazenda Escola,Maranhão,-4587222.0,-44208611.0,,
2365685516,BR,Ilha de Canela,Pará,,,,
2365685498,BR,Ilha de Canela,Pará,,,,
2365685493,BR,Marudá,Maranhão,-3686322.0,-46765706.0,,
2365685489,BR,Santa Tereza Village,Maranhão,-4891111.0,-43425833.0,,
2365685488,BR,Mocambo,Pará,1440694.0,-4841125.0,,
2365685480,BR,Santa Tereza Village,Maranhão,-4899722.0,-43470833.0,,
2365685469,BR,Sitio Aguahy,Maranhão,-2650528.0,-44147056.0,,
2365685456,BR,Mocambo,Pará,1440694.0,-4841125.0,,
2365685454,BR,Sitio Aguahy,Maranhão,-2650528.0,-44147056.0,,
2365685449,BR,Assentamento Horizonte Azul,Maranhão,-40428.0,-46906058.0,,
2365685447,BR,Mocambo,Pará,1440694.0,-4841125.0,,
2365685445,BR,Mocambo,Pará,1440694.0,-4841125.0,,
2365685434,BR,Rio dos Bois,Maranhão,-4038889.0,-46932778.0,,
2365685432,BR,Assentamento Horizonte Azul,Maranhão,-40428.0,-46906058.0,,
2365685426,BR,Sitio Aguahy,Maranhão,-2650528.0,-44147056.0,,
1913497256,BR,Bacia Tocantins-Araguaia,Pará,-4844456.0,-49404489.0,,
1913497255,BR,Bacia Tocantins-Araguaia,Pará,-3758347.0,-4966135.0,,
1913497254,BR,Bacia Tocantins-Araguaia,Pará,-5072692.0,-49321008.0,,
1913497253,BR,Bacia Tocantins-Araguaia,Pará,-5299603.0,-49236994.0,,
1913497252,BR,Ilha Fortaleza,Pará,,,,
1913497251,BR,Bacia Tocantins-Araguaia,Pará,-3360847.0,-49634375.0,,
1913497250,BR,Bacia Tocantins-Araguaia,Pará,-5337433.0,-49206506.0,,
1913497249,BR,Bacia Tocantins-Araguaia,Pará,-2852308.0,-49682344.0,,
1913497248,BR,Bacia Tocantins-Araguaia,Pará,-3031311.0,-49647814.0,,
1913497247,BR,Bacia Tocantins-Araguaia,Pará,-3260328.0,-49650494.0,,
1913497246,BR,Bacia do do rio Araguaia (Tocantins-Araguaia),Pará,-7932194.0,-49330528.0,,
1913497245,BR,Bacia Tocantins-Araguaia,Pará,-3106706.0,-49658372.0,,
1913497244,BR,Bacia Tocantins-Araguaia,Pará,-3260328.0,-49650494.0,,
1913497243,BR,Bacia Tocantins-Araguaia,Pará,-3397125.0,-49606553.0,,
1913497242,BR,Bacia Tocantins-Araguaia,Pará,-5200178.0,-49299075.0,,
1913497241,BR,Bacia Tocantins-Araguaia,Pará,-26816.0,-49673692.0,,
1913497240,BR,Bacia Tocantins-Araguaia,Pará,-2933386.0,-49657156.0,,
1913497239,BR,Vitória do Xingú,Pará,,,,
1913497238,BR,Bacia Tocantins-Araguaia,Pará,-5034233.0,-49333678.0,,
1913497237,BR,Bacia Tocantins-Araguaia,Pará,-3106706.0,-49658372.0,,
1913497236,BR,Bacia Tocantins-Araguaia,Pará,-5299603.0,-49236994.0,,
1913497235,BR,Bacia Tocantins-Araguaia,Pará,-5337433.0,-49206506.0,,
1913497234,BR,Bacia Tocantins-Araguaia,Pará,-3521753.0,-49599589.0,,
1913497233,BR,Bacia Tocantins-Araguaia,Pará,-5072692.0,-49321008.0,,
1913497232,BR,Bacia Tocantins-Araguaia,Pará,-4844456.0,-49404489.0,,
1913497231,BR,Bacia Tocantins-Araguaia,Pará,-3478192.0,-49603642.0,,
1913497230,BR,Bacia Tocantins-Araguaia,Pará,-3031311.0,-49647814.0,,
1913497229,BR,Bacia Tocantins-Araguaia,Pará,-4712928.0,-49432431.0,,
1913497228,BR,Bacia Tocantins-Araguaia,Pará,-3354336.0,-49641586.0,,
1913497227,BR,Bacia Tocantins-Araguaia,Pará,-3397125.0,-49606553.0,,
1913497226,BR,Bacia Tocantins-Araguaia,Pará,-2734381.0,-49683808.0,,
1913497225,BR,Mocambo,Pará,-1440694.0,-4841125.0,,
1913497224,BR,Bacia Tocantins-Araguaia,Pará,-5337433.0,-49206506.0,,
1913497223,BR,Bacia Tocantins-Araguaia,Pará,-2775358.0,-49681561.0,,
1913497222,BR,Bacia Tocantins-Araguaia,Pará,-2852308.0,-49682344.0,,
1913497221,BR,Bacia Tocantins-Araguaia,Pará,-5034233.0,-49333678.0,,
1913497220,BR,Bacia Tocantins-Araguaia,Pará,-3770853.0,-49657769.0,,
1913497219,BR,Bacia Tocantins-Araguaia,Pará,-4945464.0,-49347533.0,,
1913497218,BR,Bacia Tocantins-Araguaia,Pará,-5327128.0,-49117889.0,,
1913497217,BR,Bacia Tocantins-Araguaia,Pará,-3758347.0,-4966135.0,,
1913497216,BR,Mocambo,Pará,-1440694.0,-4841125.0,,
1913497215,BR,Bacia Tocantins-Araguaia,Pará,-5299603.0,-49236994.0,,
1913497214,BR,Conceição do Araguaia,Pará,-7978139.0,-49510889.0,,
1913497213,BR,Bacia Tocantins-Araguaia,Pará,-2704986.0,-49666111.0,,
1913497212,BR,Bacia Tocantins-Araguaia,Pará,-2734381.0,-49683808.0,,
1913497211,BR,Mocambo,Pará,-1440694.0,-4841125.0,,
1913497210,BR,Bacia Tocantins-Araguaia,Pará,-5128361.0,-49317953.0,,
1913497209,BR,Bacia Tocantins-Araguaia,Pará,-3478192.0,-49603642.0,,
1913497208,BR,Bacia Tocantins-Araguaia,Pará,-5255681.0,-49262533.0,,
1913497207,BR,Bacia Tocantins-Araguaia,Pará,-5128361.0,-49317953.0,,
1913497206,BR,Bacia Tocantins-Araguaia,Pará,-3275222.0,-49648986.0,,
1913497205,BR,Mocambo,Pará,-1440694.0,-4841125.0,,
1913497204,BR,Bacia Tocantins-Araguaia,Pará,-2704986.0,-49666111.0,,
1913497203,BR,Mocambo,Pará,-1440694.0,-4841125.0,,
1913497202,BR,Bacia Tocantins-Araguaia,Pará,-3507675.0,-49594894.0,,
1913497201,BR,Bacia Tocantins-Araguaia,Pará,-5200178.0,-49299075.0,,
1913497200,BR,Bacia Tocantins-Araguaia,Pará,-3758347.0,-4966135.0,,
1913497199,BR,Mocambo,Pará,-1440694.0,-4841125.0,,
1913497198,BR,Mocambo,Pará,-1440694.0,-4841125.0,,
1913497197,BR,Mocambo,Pará,-1440694.0,-4841125.0,,
1913497196,BR,Mocambo,Pará,-1440694.0,-4841125.0,,
1913497195,BR,Mocambo,Pará,-1440694.0,-4841125.0,,
1913497194,BR,Mocambo,Pará,-1440694.0,-4841125.0,,
1913497193,BR,Bacia Tocantins-Araguaia,Pará,-3360847.0,-49634375.0,,
1913497192,BR,Bacia Tocantins-Araguaia,Pará,-4712928.0,-49432431.0,,
1913497191,BR,Bacia Tocantins-Araguaia,Pará,-3335619.0,-49648042.0,,
1913497190,BR,Bacia Tocantins-Araguaia,Pará,-5128361.0,-49317953.0,,
1913497189,BR,Mocambo,Pará,-1440694.0,-4841125.0,,
1913497188,BR,Bacia Tocantins-Araguaia,Pará,-4844456.0,-49404489.0,,
1913497187,BR,Mocambo,Pará,-1440694.0,-4841125.0,,
1913497186,BR,Bacia Tocantins-Araguaia,Pará,-2983392.0,-49649481.0,,
1913497185,BR,Bacia Tocantins-Araguaia,Pará,-3335619.0,-49648042.0,,
1913497184,BR,Bacia Tocantins-Araguaia,Pará,-4896958.0,-49409244.0,,
1913497183,BR,Mocambo,Pará,-1440694.0,-4841125.0,,
1913497182,BR,Bacia Tocantins-Araguaia,Pará,-2734381.0,-49683808.0,,
1913497181,BR,Mocambo,Pará,-1440694.0,-4841125.0,,
1913497180,BR,Bacia Tocantins-Araguaia,Pará,-5128361.0,-49317953.0,,
1913497179,BR,Mocambo,Pará,-1440694.0,-4841125.0,,
1913497178,BR,Mocambo,Pará,-1440694.0,-4841125.0,,
1913497177,BR,Mocambo,Pará,-1440694.0,-4841125.0,,
1913497176,BR,Bacia Tocantins-Araguaia,Pará,-5173983.0,-49314589.0,,
1913497175,BR,Mocambo,Pará,-1440694.0,-4841125.0,,
1913497174,BR,Mocambo,Pará,-1440694.0,-4841125.0,,
1913497173,BR,Mocambo,Pará,-1440694.0,-4841125.0,,
1913497172,BR,Mocambo,Pará,-1440694.0,-4841125.0,,
1913497171,BR,Bacia Tocantins-Araguaia,Pará,-2775358.0,-49681561.0,,
1913497170,BR,Bacia Tocantins-Araguaia,Pará,-5255681.0,-49262533.0,,
1913497169,BR,Bacia Tocantins-Araguaia,Pará,-3553858.0,-49610331.0,,
1913497168,BR,Bacia Tocantins-Araguaia,Pará,-5337433.0,-49206506.0,,
1913497167,BR,Mocambo,Pará,-1440694.0,-4841125.0,,
1913497166,BR,Bacia Tocantins-Araguaia,Pará,-4896958.0,-49409244.0,,
1913497165,BR,Mocambo,Pará,-1440694.0,-4841125.0,,
1913497164,BR,Mocambo,Pará,-1440694.0,-4841125.0,,
1913497163,BR,Mocambo,Pará,-1440694.0,-4841125.0,,
1913497162,BR,Bacia Tocantins-Araguaia,Pará,-5337433.0,-49206506.0,,
1913497161,BR,Mocambo,Pará,-1440694.0,-4841125.0,,
1913497160,BR,Bacia Tocantins-Araguaia,Pará,-3106706.0,-49658372.0,,
1913497159,BR,Mocambo,Pará,-1440694.0,-4841125.0,,
1913497158,BR,Mocambo,Pará,-1440694.0,-4841125.0,,
1913497157,BR,Mocambo,Pará,-1440694.0,-4841125.0,,
1913497156,BR,Mocambo,Pará,-1440694.0,-4841125.0,,
1913497155,BR,Mocambo,Pará,-1440694.0,-4841125.0,,
1913497154,BR,Mocambo,Pará,-1440694.0,-4841125.0,,
1913497153,BR,Mocambo,Pará,-1440694.0,-4841125.0,,
1913497152,BR,Mocambo,Pará,-1440694.0,-4841125.0,,
1913497151,BR,Mocambo,Pará,-1440694.0,-4841125.0,,
1913497150,BR,Mocambo,Pará,-1440694.0,-4841125.0,,
1913497149,BR,Mocambo,Pará,-1440694.0,-4841125.0,,
1913497148,BR,Mocambo,Pará,-1440694.0,-4841125.0,,
1913497147,BR,Mocambo,Pará,-1440694.0,-4841125.0,,
1913497146,BR,Mocambo,Pará,-1440694.0,-4841125.0,,
1913497145,BR,Bacia Tocantins-Araguaia,Pará,-3649508.0,-49661075.0,,
1913497144,BR,Bacia Tocantins-Araguaia,Pará,-5327128.0,-49117889.0,,
1913497143,BR,Mocambo,Pará,-1440694.0,-4841125.0,,
1913497142,BR,Mocambo,Pará,-1440694.0,-4841125.0,,
1913497141,BR,Bacia Tocantins-Araguaia,Pará,-26816.0,-49673692.0,,
1913497140,BR,Mocambo,Pará,-1440694.0,-4841125.0,,
1913497139,BR,Bacia Tocantins-Araguaia,Pará,-5327128.0,-49117889.0,,
1913497138,BR,Mocambo,Pará,-1440694.0,-4841125.0,,
1913497137,BR,Mocambo,Pará,-1440694.0,-4841125.0,,
1913497136,BR,Mocambo,Pará,-1440694.0,-4841125.0,,
1913497135,BR,Mocambo,Pará,-1440694.0,-4841125.0,,
1913497134,BR,Mocambo,Pará,-1440694.0,-4841125.0,,
1913497133,BR,Mocambo,Pará,-1440694.0,-4841125.0,,
1913497132,BR,Mocambo,Pará,-1440694.0,-4841125.0,,
1913497131,BR,Mocambo,Pará,-1440694.0,-4841125.0,,
1913497130,BR,Mocambo,Pará,-1440694.0,-4841125.0,,
1913497129,BR,Mocambo,Pará,-1440694.0,-4841125.0,,
1913497128,BR,Mocambo,Pará,-1440694.0,-4841125.0,,
1913497127,BR,Mocambo,Pará,-1440694.0,-4841125.0,,
1913497126,BR,Mocambo,Pará,-1440694.0,-4841125.0,,
1913497125,BR,Mocambo,Pará,-1440694.0,-4841125.0,,
1913497124,BR,Mocambo,Pará,-1440694.0,-4841125.0,,
1913497123,BR,Mocambo,Pará,-1440694.0,-4841125.0,,
1913497122,BR,Mocambo,Pará,-1440694.0,-4841125.0,,
1913497121,BR,Mocambo,Pará,-1440694.0,-4841125.0,,
1913497120,BR,Mocambo,Pará,-1440694.0,-4841125.0,,
1913497119,BR,Mocambo,Pará,-1440694.0,-4841125.0,,
1913497118,BR,Mocambo,Pará,-1440694.0,-4841125.0,,
1913497117,BR,Mocambo,Pará,-1440694.0,-4841125.0,,
1913497116,BR,Mocambo,Pará,-1440694.0,-4841125.0,,
1913497115,BR,Mocambo,Pará,-1440694.0,-4841125.0,,
1913497114,BR,Mocambo,Pará,-1440694.0,-4841125.0,,
1913497113,BR,Mocambo,Pará,-1440694.0,-4841125.0,,
1913497112,BR,Mocambo,Pará,-1440694.0,-4841125.0,,
1913497111,BR,Mocambo,Pará,-1440694.0,-4841125.0,,
1913497110,BR,Mocambo,Pará,-1440694.0,-4841125.0,,
1913497109,BR,Mocambo,Pará,-1440694.0,-4841125.0,,
1913497108,BR,Mocambo,Pará,-1440694.0,-4841125.0,,
1913497107,BR,Mocambo,Pará,-1440694.0,-4841125.0,,
1913497106,BR,Mocambo,Pará,-1440694.0,-4841125.0,,
1913497105,BR,Mocambo,Pará,-1440694.0,-4841125.0,,
1913497104,BR,Mocambo,Pará,-1440694.0,-4841125.0,,
1913497103,BR,Bacia Tocantins-Araguaia,Pará,-5351544.0,-491535.0,,
1913497102,BR,Mocambo,Pará,-1440694.0,-4841125.0,,
1913497101,BR,Mocambo,Pará,-1440694.0,-4841125.0,,
1913497100,BR,Mocambo,Pará,-1440694.0,-4841125.0,,
1913497099,BR,Mocambo,Pará,-1440694.0,-4841125.0,,
1913497098,BR,Mocambo,Pará,-1440694.0,-4841125.0,,
1913497097,BR,Mocambo,Pará,-1440694.0,-4841125.0,,
1913497096,BR,Mocambo,Pará,-1440694.0,-4841125.0,,
1913497095,BR,Mocambo,Pará,-1440694.0,-4841125.0,,
1913497094,BR,Mocambo,Pará,-1440694.0,-4841125.0,,
1913497093,BR,Mocambo,Pará,-1440694.0,-4841125.0,,
1913497092,BR,Mocambo,Pará,-1440694.0,-4841125.0,,
1913497091,BR,Mocambo,Pará,-1440694.0,-4841125.0,,
1913497090,BR,Mocambo,Pará,-1440694.0,-4841125.0,,
1913497089,BR,Mocambo,Pará,-1440694.0,-4841125.0,,
1913497088,BR,Mocambo,Pará,-1440694.0,-4841125.0,,
1913497087,BR,Mocambo,Pará,-1440694.0,-4841125.0,,
1913497086,BR,Mocambo,Pará,-1440694.0,-4841125.0,,
1913497085,BR,Mocambo,Pará,-1440694.0,-4841125.0,,
1913497084,BR,Mocambo,Pará,-1440694.0,-4841125.0,,
1913497083,BR,Rio Tapajós,Pará,,,,
1913497082,BR,Mocambo,Pará,-1440694.0,-4841125.0,,
1913497081,BR,Mocambo,Pará,-1440694.0,-4841125.0,,
1913497080,BR,Mocambo,Pará,-1440694.0,-4841125.0,,
1913497079,BR,Mocambo,Pará,-1440694.0,-4841125.0,,
1913497078,BR,Mocambo,Pará,-1440694.0,-4841125.0,,
1913497077,BR,Mocambo,Pará,-1440694.0,-4841125.0,,
1913497076,BR,Mocambo,Pará,-1440694.0,-4841125.0,,
1913497075,BR,Mocambo,Pará,-1440694.0,-4841125.0,,
1913497074,BR,Mocambo,Pará,-1440694.0,-4841125.0,,
1913497073,BR,Mocambo,Pará,-1440694.0,-4841125.0,,
1913497072,BR,Mocambo,Pará,-1440694.0,-4841125.0,,
1913497071,BR,Mocambo,Pará,-1440694.0,-4841125.0,,
1913497070,BR,Mocambo,Pará,-1440694.0,-4841125.0,,
1913497069,BR,Mocambo,Pará,-1440694.0,-4841125.0,,
1913497068,BR,Mocambo,Pará,-1440694.0,-4841125.0,,
1913497067,BR,Mocambo,Pará,-1440694.0,-4841125.0,,
1913497066,BR,Mocambo,Pará,-1440694.0,-4841125.0,,
1913497065,BR,Rio Tapajós,Pará,,,,
1913497064,BR,Mocambo,Pará,-1440694.0,-4841125.0,,
1913497063,BR,Mocambo,Pará,-1440694.0,-4841125.0,,
1913497062,BR,Mocambo,Pará,-1440694.0,-4841125.0,,
1913497061,BR,Rio Tapajós,Pará,,,,
1913497060,BR,Rio Tapajós,Pará,,,,
1913497059,BR,Mocambo,Pará,-1440694.0,-4841125.0,,
1913497058,BR,Rio Tapajós,Pará,,,,
1913497057,BR,Mocambo,Pará,-1440694.0,-4841125.0,,
1438492829,BR,Chapada dos Guimarães,Mato Grosso,,,,
1438492828,BR,Serra dos Carajás,Pará,,,,
1438492827,BR,Serra dos Carajás,Pará,,,,
1438492826,BR,Serra dos Carajás,Pará,,,,
1438492825,BR,2km sul de Jacundá,Pará,-4755556.0,-49188333.0,,
1438492824,BR,Chapada dos Guimarães,Mato Grosso,,,,
1438492823,BR,Serra dos Carajás,Pará,,,,
1438492822,BR,Serra dos Carajás,Pará,,,,
1438492821,BR,São Pedro,Maranhão,-2851111.0,-44147778.0,,
1438492820,BR,inderterminado,Pará,,,,
1438492819,BR,"Canoal, 35 km sul de Tucuruí",Pará,,,,
1438492818,BR,Chapada dos Guimarães,Mato Grosso,,,,
1438492817,BR,Rio Tocantins,Pará,,,,
1438492816,BR,Ilha de Livramento,Maranhão,-2425861.0,-44422417.0,,
1438492815,BR,2km sul de Jacundá,Pará,-4755556.0,-49188333.0,,
1438492814,BR,Ilha de Livramento,Maranhão,-242375.0,-44425444.0,,
1438492813,BR,inderterminado,Pará,,,,
1438492812,BR,Tucuruí,Pará,-3766944.0,-49667222.0,,
1438492811,BR,Chapada dos Guimarães,Mato Grosso,,,,
1438492810,BR,Ilha de Livramento,Maranhão,-242375.0,-44425444.0,,
1438492809,BR,Roça da Nelma,Maranhão,-2853972.0,-44153167.0,,
1438492808,BR,inderterminado,Maranhão,-2818139.0,-44138972.0,,
1438492807,BR,Ilha das cobras,Pará,,,,
1438492806,BR,Chapada dos Guimarães,Mato Grosso,,,,
1438492805,BR,Rio Tocantins,Pará,,,,
1438492804,BR,Serra dos Carajás,Pará,,,,
1438492803,BR,Ilha de Livramento,Maranhão,-242375.0,-44425444.0,,
1438492802,BR,inderterminado,Pará,,,,
1438492801,BR,Ilha das cobras,Pará,,,,
1438492800,BR,"Canoal, 35 km sul de Tucuruí",Pará,,,,
1438492799,BR,Ilha de Livramento,Maranhão,-2425861.0,-44422417.0,,
1438492798,BR,Reserva Biológica Gurupi,Maranhão,-3683261.0,-46767078.0,,
1438492797,BR,Vila Canãa,Maranhão,-40428.0,-46906058.0,,
1438492796,BR,Reserva Biológica Gurupi,Maranhão,-3686322.0,-46765706.0,,
1438492795,BR,Reserva Biológica Gurupi,Maranhão,-3686322.0,-46765706.0,,
1438492794,BR,Reserva Biológica Gurupi,Maranhão,-3686322.0,-46765706.0,,
1438492793,BR,Reserva Biológica Gurupi,Maranhão,-3690242.0,-467536.0,,
1438492792,BR,"Canoal, 35 km sul de Tucuruí",Pará,,,,
1438492791,BR,Reserva Biológica Gurupi,Maranhão,-3680575.0,-46770264.0,,
1438492790,BR,Reserva Biológica Gurupi,Maranhão,-3686322.0,-46765706.0,,
1438492789,BR,Reserva Biológica Gurupi,Maranhão,-3686586.0,-46759697.0,,
1438492788,BR,Roça da Nelma,Maranhão,-2853972.0,-44153167.0,,
1438492787,BR,Espera,Maranhão,-2032944.0,-44454583.0,,
1438492786,BR,Reserva Biológica Gurupi,Maranhão,-3690242.0,-467536.0,,
1438492785,BR,Reserva Biológica Gurupi,Maranhão,-3683261.0,-46767078.0,,
1438492784,BR,Reserva Biológica Gurupi,Maranhão,-3680575.0,-46770264.0,,
1438492783,BR,Chapada dos Guimarães,Mato Grosso,,,,
1438492782,BR,Reserva Biológica Gurupi,Maranhão,-3690886.0,-46751919.0,,
1438492781,BR,Espera,Maranhão,-2367028.0,-44444528.0,,
1438492780,BR,Reserva Biológica Gurupi,Maranhão,-3690242.0,-467536.0,,
1438492779,BR,Ilha de Livramento,Maranhão,-2417556.0,-44422278.0,,
1438492778,BR,Reserva Biológica Gurupi,Maranhão,-3687875.0,-4675965.0,,
1438492777,BR,Reserva Biológica Gurupi,Maranhão,-3687875.0,-4675965.0,,
1438492776,BR,Reserva Biológica Gurupi,Maranhão,-3688981.0,-46766989.0,,
1438492775,BR,Reserva Biológica Gurupi,Maranhão,-3690242.0,-467536.0,,
1438492774,BR,Reserva Biológica Gurupi,Maranhão,-3690242.0,-467536.0,,
1438492773,BR,Base do 2o BIS,Pará,-1181039.0,-47370589.0,,
1438492772,BR,Cajueiro,Maranhão,-2351564.0,-44450292.0,,
1438492771,BR,Reserva Biológica Gurupi,Maranhão,-3686322.0,-46765706.0,,
1438492770,BR,Reserva Biológica Gurupi,Maranhão,-3688981.0,-46766989.0,,
1438492769,BR,Reserva Biológica Gurupi,Maranhão,-3690886.0,-46751919.0,,
1438492768,BR,Reserva Biológica Gurupi,Maranhão,-3686322.0,-46765706.0,,
1438492767,BR,Reserva Biológica Gurupi,Maranhão,-3690242.0,-467536.0,,
1438492766,BR,Espera,Maranhão,-2018294.0,-44450458.0,,
1438492765,BR,São José do Gurupi,Pará,-1571358.0,-46271828.0,,
1438492764,BR,Flona Caxiuanã,Pará,-1803333.0,-507175.0,,
1438492763,BR,Reserva Biológica Gurupi,Maranhão,-3686322.0,-46765706.0,,
1438492762,BR,Reserva Biológica Gurupi,Maranhão,-3688981.0,-46766989.0,,
1438492761,BR,Estação Experimental Embrapa,Pará,-2298611.0,-48773333.0,,
1438492760,BR,Fazenda Mundinho,Maranhão,-21158.0,-44846669.0,,
1438492759,BR,Fazenda Mundinho,Maranhão,-21056.0,-44841489.0,,
1438492758,BR,Estação Experimental Embrapa,Pará,-2298611.0,-48773333.0,,
1438492757,BR,Roça da Nelma,Maranhão,-2853972.0,-44153167.0,,
1438492756,BR,Reserva Biológica Gurupi,Maranhão,-3686322.0,-46765706.0,,
1438492755,BR,Flona Caxiuanã,Pará,-1803333.0,-507175.0,,
1438492754,BR,Reserva Biológica Gurupi,Maranhão,-3686322.0,-46765706.0,,
1438492753,BR,Reserva Biológica Gurupi,Maranhão,-3690242.0,-467536.0,,
1438492752,BR,Reserva Biológica Gurupi,Maranhão,-3686586.0,-46759697.0,,
1438492751,BR,Reserva Biológica Gurupi,Maranhão,-3687875.0,-4675965.0,,
1438492750,BR,Reserva Biológica Gurupi,Maranhão,-3687875.0,-4675965.0,,
1438492749,BR,Estação Experimental Embrapa,Pará,-2298611.0,-48773333.0,,
1438492748,BR,Base do 2o BIS,Pará,-1186219.0,-473676.0,,
1438492747,BR,São José do Gurupi,Pará,-1587758.0,-46277889.0,,
1438492746,BR,Fazenda Vitória,Pará,-2980208.0,-47407939.0,,
1438492745,BR,São José do Gurupi,Pará,-1567308.0,-46279828.0,,
1438492744,BR,Reserva Biológica Gurupi,Maranhão,-3688981.0,-46766989.0,,
1438492743,BR,São José do Gurupi,Pará,-15956.0,-46282258.0,,
1438492742,BR,REBIO do Gurupi -  NORTE,Maranhão,-3681919.0,-467709.0,,
1438492741,BR,São José do Gurupi,Pará,-1571358.0,-46271828.0,,
1438492740,BR,São José do Gurupi,Pará,-1571358.0,-46271828.0,,
1438492739,BR,São José do Gurupi,Pará,-1567308.0,-46279828.0,,
1438492738,BR,Fazenda 7 irmãos,Maranhão,-1863469.0,-45760839.0,,
1438492737,BR,São José do Gurupi,Pará,-1571358.0,-46271828.0,,
1438492736,BR,São José do Gurupi,Pará,-1587758.0,-46277889.0,,
1438492735,BR,REBIO do Gurupi -  Sul,Maranhão,-3921508.0,-467629.0,,
1438492734,BR,São José do Gurupi,Pará,-1587758.0,-46277889.0,,
1438492733,BR,Reserva Biológica Gurupi,Maranhão,-3686322.0,-46765706.0,,
1438492732,BR,Fazenda Marupiara,Pará,-2793986.0,-48545394.0,,
1438492731,BR,São José do Gurupi,Pará,-1571358.0,-46271828.0,,
1438492730,BR,Fazenda 7 irmãos,Maranhão,-1861019.0,-45747219.0,,
1438492729,BR,Estação Experimental Embrapa,Pará,-2169728.0,-48796608.0,,
1438492728,BR,São José do Gurupi,Pará,-1567308.0,-46279828.0,,
1438492727,BR,São José do Gurupi,Pará,-1571358.0,-46271828.0,,
1438492726,BR,São José do Gurupi,Pará,-1571358.0,-46271828.0,,
1438492725,BR,Fazenda Capixaba,Pará,-4844969.0,-49237869.0,,
1438492724,BR,Fazenda Marupiara,Pará,-2793986.0,-48545397.0,,
1438492723,BR,São José do Gurupi,Pará,-1587758.0,-46277889.0,,
1438492722,BR,Estação Experimental Embrapa,Pará,-2169731.0,-48796608.0,,
1438492721,BR,Estação Experimental Embrapa,Pará,-2195658.0,-48794108.0,,
1438492720,BR,São José do Gurupi,Pará,-15956.0,-46282258.0,,
1438492719,BR,Estação Experimental Embrapa,Pará,-2186789.0,-4879365.0,,
1438492718,BR,Estação Experimental Embrapa,Pará,-2186789.0,-4879365.0,,
1438492717,BR,Fazenda Mundinho,Maranhão,-21056.0,-44841489.0,,
1438492716,BR,Fazenda Marupiara,Pará,-2803678.0,-48528169.0,,
1438492715,BR,Base do 2o BIS,Pará,-1186219.0,-473676.0,,
1438492714,BR,Base do 2o BIS,Pará,-1181039.0,-47370589.0,,
1438492713,BR,Base do 2o BIS,Pará,-1181039.0,-47370589.0,,
1438492712,BR,São José do Gurupi,Pará,-15956.0,-46282258.0,,
1438492711,BR,Base do 2o BIS,Pará,-1181039.0,-47370589.0,,
1438492710,BR,Estação Experimental Embrapa,Pará,-2169731.0,-48796608.0,,
1438492709,BR,Estação Experimental Embrapa,Pará,-21782.0,-4879365.0,,
1438492708,BR,São José do Gurupi,Pará,-15956.0,-46282258.0,,
1438492707,BR,Fazenda 7 irmãos,Maranhão,-1864308.0,-45738878.0,,
1438492706,BR,São José do Gurupi,Pará,-1587758.0,-46277889.0,,
1438492705,BR,Fazenda Capixaba,Pará,-4844969.0,-49237869.0,,
1438492704,BR,Base do 2o BIS,Pará,-1186219.0,-473676.0,,
1438492703,BR,Estação Experimental Embrapa,Pará,-2186789.0,-4879365.0,,
1438492702,BR,Fazenda Capixaba,Pará,-4854758.0,-4923445.0,,
1438492701,BR,Fazenda Vitória,Pará,-2983078.0,-47425558.0,,
1438492700,BR,Estação Experimental Embrapa,Pará,-21782.0,-4879365.0,,
1438492699,BR,Fazenda Marupiara,Pará,-2793986.0,-48545397.0,,
1438492698,BR,REBIO do Gurupi -  NORTE,Maranhão,-3685539.0,-46762789.0,,
1438492697,BR,indeterminado,Pará,,,,
1438492696,BR,REBIO do Gurupi -  Sul,Maranhão,-3921508.0,-467629.0,,
1438492695,BR,indeterminado,Pará,-3705833.0,-51035.0,,
1438492694,BR,indeterminado,Pará,-5849722.0,-49865556.0,,
1438492693,BR,Fazenda 7 irmãos,Maranhão,-1863469.0,-45760839.0,,
1438492692,BR,indeterminado,Pará,-3705833.0,-51035.0,,
1438492691,BR,Fazenda Mundinho,Maranhão,-2118108.0,-44825508.0,,
1438492690,BR,indeterminado,Pará,-4806111.0,-49317778.0,,
1438492689,BR,Fazenda Mundinho,Maranhão,-2118108.0,-44825508.0,,
1438492688,BR,indeterminado,Pará,-3705833.0,-51035.0,,
1438492687,BR,Fazenda 7 irmãos,Maranhão,-1856708.0,-45755469.0,,
1438492686,BR,Fazenda Vitória,Pará,-2980208.0,-47407939.0,,
1438492685,BR,Fazenda Mundinho,Maranhão,-21056.0,-44841489.0,,
1438492684,BR,indeterminado,Pará,-5849722.0,-49865556.0,,
1438492683,BR,indeterminado,Pará,-3705833.0,-51035.0,,
1438492682,BR,indeterminado,Pará,-3705833.0,-51035.0,,
1438492681,BR,indeterminado,Pará,-5849722.0,-49865556.0,,
1438492680,BR,São José do Gurupi,Pará,-1587758.0,-46277889.0,,
1438492679,BR,indeterminado,Pará,-4806111.0,-49317778.0,,
1438492678,BR,indeterminado,Pará,-5849722.0,-49865556.0,,
1438492677,BR,Estação Experimental Embrapa,Pará,-2186789.0,-4879365.0,,
1438492676,BR,indeterminado,Pará,-4806111.0,-49317778.0,,
1438492675,BR,Fazenda 7 irmãos,Maranhão,-1861019.0,-45747219.0,,
1438492674,BR,indeterminado,Pará,-3705833.0,-51035.0,,
1438492673,BR,Ilha de Areuá - estuário do Rio Curuçá,Pará,-586119.0,-47846192.0,,
1438492672,BR,REBIO do Gurupi -  NORTE,Maranhão,-3681919.0,-467709.0,,
1438492671,BR,indeterminado,Pará,-3705833.0,-51035.0,,
1438492670,BR,Ilha de Areuá - estuário do Rio Curuçá,Pará,-586119.0,-47846192.0,,
1438492669,BR,inderterminado,Pará,-4806111.0,-49317778.0,,
1438492668,BR,inderterminado,Pará,-5849722.0,-49865556.0,,
1438492667,BR,Ilha de Areuá - estuário do Rio Curuçá,Pará,-586119.0,-47846192.0,,
1438492666,BR,Ilha de Areuá - estuário do Rio Curuçá,Pará,-586119.0,-47846192.0,,
1438492665,BR,"Rio Maró, Nova Canaã",Pará,,,,
1438492664,BR,indeterminado,Pará,-3705833.0,-51035.0,,
1438492663,BR,inderterminado,Pará,-4806111.0,-49317778.0,,
1438492662,BR,Ilha de Areuá - estuário do Rio Curuçá,Pará,-586119.0,-47846192.0,,
1438492661,BR,Ilha de Areuá - estuário do Rio Curuçá,Pará,-586119.0,-47846192.0,,
1438492660,BR,Fazenda Mundinho,Maranhão,-21158.0,-44846669.0,,
1438492659,BR,Lote Josias,Pará,-4806111.0,-49317778.0,,
1438492658,BR,indeterminado,Pará,-4806111.0,-49317778.0,,
1438492657,BR,indeterminado,Pará,-3705833.0,-51035.0,,
1438492656,BR,Fazenda 7 irmãos,Maranhão,-1861019.0,-45747219.0,,
1438492655,BR,Lote Egmar,Pará,-3705833.0,-51035.0,,
1438492654,BR,Lote Groselha,Pará,-3705833.0,-51035.0,,
1438492653,BR,Ilha de Areuá - estuário do Rio Curuçá,Pará,-586119.0,-47846192.0,,
1438492652,BR,inderterminado,Pará,-4806111.0,-49317778.0,,
1438492651,BR,indeterminado,Pará,-3705833.0,-51035.0,,
1438492650,BR,indeterminado,Pará,-5849722.0,-49865556.0,,
1438492649,BR,indeterminado,Pará,-4806111.0,-49317778.0,,
1438492648,BR,"Caxiuanã, ECFP",Pará,-1736933.0,-51454931.0,,
1438492647,BR,Ilha de Areuá - estuário do Rio Curuçá,Pará,-586119.0,-47846192.0,,
1438492646,BR,Lote Mearin,Pará,-5849722.0,-49865556.0,,
1438492645,BR,Ilha de Areuá - estuário do Rio Curuçá,Pará,-586119.0,-47846192.0,,
1438492644,BR,Ilha de Areuá - estuário do Rio Curuçá,Pará,-586119.0,-47846192.0,,
1438492643,BR,Ilha de Areuá - estuário do Rio Curuçá,Pará,-586119.0,-47846192.0,,
1438492642,BR,Ilha de Areuá - estuário do Rio Curuçá,Pará,-586119.0,-47846192.0,,
1438492641,BR,indeterminado,Pará,-3705833.0,-51035.0,,
1438492640,BR,Ilha de Areuá - estuário do Rio Curuçá,Pará,-586119.0,-47846192.0,,
1438492639,BR,Ilha de Areuá - estuário do Rio Curuçá,Pará,-586119.0,-47846192.0,,
1438492638,BR,Ilha de Areuá - estuário do Rio Curuçá,Pará,-586119.0,-47846192.0,,
1438492637,BR,"Caxiuanã, ECFP",Pará,-1736933.0,-51454931.0,,
1438492636,BR,Ilha de Areuá - estuário do Rio Curuçá,Pará,-586119.0,-47846192.0,,
1438492635,BR,Ilha de Areuá - estuário do Rio Curuçá,Pará,-586119.0,-47846192.0,,
1438492634,BR,"Caxiuanã, ECFP",Pará,-1736933.0,-51454931.0,,
1438492633,BR,MPEG Campus de pesquisa,Pará,-1450889.0,-48443944.0,,
1438492632,BR,"Caxiuanã, ECFP",Pará,-1736933.0,-51454931.0,,
1438492631,BR,Ilha de Areuá - estuário do Rio Curuçá,Pará,-586119.0,-47846192.0,,
1438492630,BR,Ilha de Areuá - estuário do Rio Curuçá,Pará,-586119.0,-47846192.0,,
1438492629,BR,Ilha de Areuá - estuário do Rio Curuçá,Pará,-586119.0,-47846192.0,,
1438492628,BR,"Caxiuanã, ECFP",Pará,-1736933.0,-51454931.0,,
1438492627,BR,Ilha de Areuá - estuário do Rio Curuçá,Pará,-586119.0,-47846192.0,,
1438492626,BR,Ilha de Areuá - estuário do Rio Curuçá,Pará,-586119.0,-47846192.0,,
1438492625,BR,Ilha de Areuá - estuário do Rio Curuçá,Pará,-586119.0,-47846192.0,,
1438492624,BR,Ilha de Areuá - estuário do Rio Curuçá,Pará,-586119.0,-47846192.0,,
1438492623,BR,Ilha de Areuá - estuário do Rio Curuçá,Pará,-586119.0,-47846192.0,,
1438492622,BR,"Caxiuanã, ECFP",Pará,-1736933.0,-51454931.0,,
1438492621,BR,"Caxiuanã, ECFP",Pará,-1736933.0,-51454931.0,,
1438492620,BR,"Caxiuanã, ECFP",Pará,-1736933.0,-51454931.0,,
1438492619,BR,Ilha de Areuá - estuário do Rio Curuçá,Pará,-586119.0,-47846192.0,,
1438492618,BR,"Caxiuanã, ECFP",Pará,-1736933.0,-51454931.0,,
1438492617,BR,"Caxiuanã, ECFP",Pará,-1736933.0,-51454931.0,,
1438492616,BR,"Caxiuanã, ECFP",Pará,-1736933.0,-51454931.0,,
1438492615,BR,"Caxiuanã, ECFP",Pará,-1736933.0,-51454931.0,,
1438492614,BR,"Caxiuanã, ECFP",Pará,-1736933.0,-51454931.0,,
1438492613,BR,"Caxiuanã, ECFP",Pará,-1736933.0,-51454931.0,,
1438492612,BR,"Caxiuanã, ECFP",Pará,-1736933.0,-51454931.0,,
1438492611,BR,"Caxiuanã, ECFP",Pará,-1736933.0,-51454931.0,,
1438492610,BR,"Caxiuanã, ECFP",Pará,-1736933.0,-51454931.0,,
1438492609,BR,"Caxiuanã, ECFP",Pará,-1736933.0,-51454931.0,,
1438492608,BR,"Caxiuanã, ECFP",Pará,-1736933.0,-51454931.0,,
1438492607,BR,"Caxiuanã, ECFP",Pará,-1736933.0,-51454931.0,,
1438492606,BR,"Caxiuanã, ECFP",Pará,-1736933.0,-51454931.0,,
1438492605,BR,"Caxiuanã, ECFP",Pará,-1736933.0,-51454931.0,,
1438492604,BR,"Caxiuanã, ECFP",Pará,-1736933.0,-51454931.0,,
1438492603,BR,"Caxiuanã, ECFP",Pará,-1736933.0,-51454931.0,,
1438492602,BR,"Caxiuanã, ECFP",Pará,-1736933.0,-51454931.0,,
1438492601,BR,"Caxiuanã, ECFP",Pará,-1736933.0,-51454931.0,,
1438492600,BR,"Caxiuanã, ECFP",Pará,-1736933.0,-51454931.0,,
1438492599,BR,"Caxiuanã, ECFP",Pará,-1736933.0,-51454931.0,,
1438492598,BR,"Caxiuanã, ECFP",Pará,-1736933.0,-51454931.0,,
1438492597,BR,"Caxiuanã, ECFP",Pará,-1736933.0,-51454931.0,,
1438492596,BR,"Caxiuanã, ECFP",Pará,-1736933.0,-51454931.0,,
1438492595,BR,"Caxiuanã, ECFP",Pará,-1736933.0,-51454931.0,,
1438492594,BR,"Caxiuanã, ECFP",Pará,-1736933.0,-51454931.0,,
1438492593,BR,"Caxiuanã, ECFP",Pará,-1736933.0,-51454931.0,,
1438492592,BR,"Caxiuanã, PPBio project, A transect",Pará,-1960217.0,-51618897.0,,
1438492591,BR,"Caxiuanã, ECFP",Pará,-1736933.0,-51454931.0,,
1438492590,BR,"Caxiuanã, ECFP",Pará,-1736933.0,-51454931.0,,
1438492589,BR,"Caxiuanã, PPBio project, A transect",Pará,-1960217.0,-51618897.0,,
1438492588,BR,"Caxiuanã, PPBio project, A transect",Pará,-1960217.0,-51618897.0,,
1438492587,BR,"Caxiuanã, PPBio project, A transect",Pará,-1960217.0,-51618897.0,,
1438492586,BR,"Caxiuanã, ECFP",Pará,-1736933.0,-51454931.0,,
1438492585,BR,"Caxiuanã, ECFP",Pará,-1736933.0,-51454931.0,,
1438492584,BR,"Caxiuanã, PPBio project, A transect",Pará,-1960217.0,-51618897.0,,
1438492583,BR,"Caxiuanã, PPBio project, A transect",Pará,-1960217.0,-51618897.0,,
1438492582,BR,"Caxiuanã, PPBio project, A transect",Pará,-1960217.0,-51618897.0,,
1438492581,BR,"Caxiuanã, ECFP",Pará,-1736933.0,-51454931.0,,
1438492580,BR,"Caxiuanã, PPBio project, A transect",Pará,-1960217.0,-51618897.0,,
1438492579,BR,"Caxiuanã, PPBio project, A transect",Pará,-1960217.0,-51618897.0,,
1438492578,BR,"Caxiuanã, PPBio project, A transect",Pará,-1960217.0,-51618897.0,,
1438492577,BR,"Caxiuanã, PPBio project, A transect",Pará,-1960217.0,-51618897.0,,
1438492576,BR,"Caxiuanã, ECFP",Pará,-1736933.0,-51454931.0,,
1438492575,BR,"Caxiuanã, ECFP",Pará,-1736933.0,-51454931.0,,
1438492574,BR,"Caxiuanã, ECFP",Pará,-1736933.0,-51454931.0,,
1438492573,BR,"Caxiuanã, PPBio project, A transect",Pará,-1960217.0,-51618897.0,,
1438492572,BR,"Caxiuanã, PPBio project, A transect",Pará,-1960217.0,-51618897.0,,
1438492571,BR,"Caxiuanã, ECFP",Pará,-1736933.0,-51454931.0,,
1438492570,BR,"Caxiuanã, PPBio project, A transect",Pará,-1960217.0,-51618897.0,,
1438492569,BR,"Caxiuanã, PPBio project, A transect",Pará,-1960217.0,-51618897.0,,
1438492568,BR,"Caxiuanã, PPBio project, A transect",Pará,-1960217.0,-51618897.0,,
1438492567,BR,"Caxiuanã, PPBio project, A transect",Pará,-1960217.0,-51618897.0,,
1438492566,BR,"Caxiuanã, PPBio project, A transect",Pará,-1960217.0,-51618897.0,,
1438492565,BR,"Caxiuanã, PPBio project, A transect",Pará,-1960217.0,-51618897.0,,
1438492564,BR,"Caxiuanã, PPBio project, A transect",Pará,-1960217.0,-51618897.0,,
1438492563,BR,"Caxiuanã, PPBio project, A transect",Pará,-1960217.0,-51618897.0,,
1438492562,BR,"Caxiuanã, PPBio project, A transect",Pará,-1960217.0,-51618897.0,,
1438492561,BR,"Caxiuanã, PPBio project, A transect",Pará,-1960217.0,-51618897.0,,
1438492560,BR,"Caxiuanã, PPBio project, A transect",Pará,-1960217.0,-51618897.0,,
1438492559,BR,"Caxiuanã, PPBio project, A transect",Pará,-1960217.0,-51618897.0,,
1438492558,BR,"Caxiuanã, PPBio project, A transect",Pará,-1960217.0,-51618897.0,,
1438492557,BR,"Caxiuanã, PPBio project, A transect",Pará,-1960217.0,-51618897.0,,
1438492556,BR,"Caxiuanã, PPBio project, A transect",Pará,-1960217.0,-51618897.0,,
1438492555,BR,"Caxiuanã, PPBio project, A transect",Pará,-1960217.0,-51618897.0,,
1438492554,BR,"Caxiuanã, PPBio project, A transect",Pará,-1960217.0,-51618897.0,,
1438492553,BR,"Caxiuanã, PPBio project, A transect",Pará,-1960217.0,-51618897.0,,
1438492552,BR,"Caxiuanã, PPBio project, A transect",Pará,-1960217.0,-51618897.0,,
1438492551,BR,"Caxiuanã, PPBio project, A transect",Pará,-1960217.0,-51618897.0,,
1438492550,BR,"Caxiuanã, PPBio project, A transect",Pará,-1960217.0,-51618897.0,,
1438492549,BR,"Caxiuanã, PPBio project, A transect",Pará,-1960217.0,-51618897.0,,
1438492548,BR,"Caxiuanã, PPBio project, A transect",Pará,-1960217.0,-51618897.0,,
1438492547,BR,"Caxiuanã, PPBio project, A transect",Pará,-1960217.0,-51618897.0,,
1438492546,BR,"Caxiuanã, PPBio project, A transect",Pará,-1960217.0,-51618897.0,,
1438492545,BR,Palmares-Lote Baianinho,Pará,-5849722.0,-49865556.0,,
1438492544,BR,"Caxiuanã, PPBio project, A transect",Pará,-1960217.0,-51618897.0,,
1438492543,BR,"Caxiuanã, PPBio project, A transect",Pará,-1960217.0,-51618897.0,,
1438492542,BR,"Caxiuanã, PPBio project, A transect",Pará,-1960217.0,-51618897.0,,
1438492541,BR,Lote Domingos Ferro,Pará,-3705833.0,-51035.0,,
1438492540,BR,"Caxiuanã, PPBio project, A transect",Pará,-1960217.0,-51618897.0,,
1438492539,BR,Maçaranduba-Lote Josias,Pará,-4806111.0,-49317778.0,,
1438492538,BR,"Caxiuanã, PPBio project, A transect",Pará,-1960217.0,-51618897.0,,
1438492537,BR,"Caxiuanã, PPBio project, A transect",Pará,-1960217.0,-51618897.0,,
1438492536,BR,"Caxiuanã, PPBio project, A transect",Pará,-1960217.0,-51618897.0,,
1438492535,BR,"Caxiuanã, PPBio project, A transect",Pará,-1960217.0,-51618897.0,,
1438492534,BR,"Caxiuanã, PPBio project, A transect",Pará,-1960217.0,-51618897.0,,
1438492533,BR,Palmares-Lote Mearim,Pará,-5849722.0,-49865556.0,,
1438492532,BR,Palmares-Lote Baianinho,Pará,-5849722.0,-49865556.0,,
1438492531,BR,Lote Luis Merenda,Pará,-3705833.0,-51035.0,,
1438492530,BR,Maçaranduba-Lote Geni,Pará,-4806111.0,-49317778.0,,
1438492529,BR,"Caxiuanã, PPBio project, A transect",Pará,-1960217.0,-51618897.0,,
1438492528,BR,Palmares-Lote Baianinho,Pará,-5849722.0,-49865556.0,,
1438492527,BR,Palmares-Lote Baianinho,Pará,-5849722.0,-49865556.0,,
1438492526,BR,"Caxiuanã, PPBio project, A transect",Pará,-1960217.0,-51618897.0,,
1438492525,BR,"Caxiuanã, PPBio project, A transect",Pará,-1960217.0,-51618897.0,,
1438492524,BR,"Caxiuanã, PPBio project, A transect",Pará,-1960217.0,-51618897.0,,
1438492523,BR,"Caxiuanã, PPBio project, A transect",Pará,-1960217.0,-51618897.0,,
1438492522,BR,"Caxiuanã, PPBio project, A transect",Pará,-1960217.0,-51618897.0,,
1438492521,BR,Palmares-Lote Mearim,Pará,-5849722.0,-49865556.0,,
1438492520,BR,Maçaranduba-Lote Geni,Pará,-4806111.0,-49317778.0,,
1438492519,BR,Maçaranduba-Lote Riva,Pará,-4806111.0,-49317778.0,,
1438492518,BR,Maçaranduba-Lote Galbão,Pará,-4806111.0,-49317778.0,,
1438492517,BR,Maçaranduba-Lote Joaquina,Pará,-4806111.0,-49317778.0,,
1438492516,BR,Maçaranduba-Lote Zé Rondon,Pará,-4806111.0,-49317778.0,,
1438492515,BR,Maçaranduba-Lote Galbão,Pará,-4806111.0,-49317778.0,,
1438492514,BR,Maçaranduba-Lote Riva,Pará,-4806111.0,-49317778.0,,
1438492513,BR,Maçaranduba-Lote Jurandir,Pará,-4806111.0,-49317778.0,,
1438492512,BR,Maçaranduba-Lote Joaquina,Pará,-4806111.0,-49317778.0,,
1438492511,BR,Maçaranduba,Pará,-4806111.0,-49317778.0,,
1438492510,BR,Maçaranduba-Lote Jurandir,Pará,-4806111.0,-49317778.0,,
1438492509,BR,Maçaranduba-Lote Zé Rondon,Pará,-4806111.0,-49317778.0,,
1438492508,BR,Maçaranduba-Lote Geni,Pará,-4806111.0,-49317778.0,,
1438492507,BR,Maçaranduba-Lote Riva,Pará,-4806111.0,-49317778.0,,
1438492506,BR,Maçaranduba-Lote Geni,Pará,-4806111.0,-49317778.0,,
1438492505,BR,Maçaranduba-Lote Galbão,Pará,-4806111.0,-49317778.0,,
1438492504,BR,Maçaranduba-Lote Galbão,Pará,-4806111.0,-49317778.0,,
1438492503,BR,Maçaranduba-Lote Galbão,Pará,-4806111.0,-49317778.0,,
1438492502,BR,Maçaranduba-Lote Galbão,Pará,-4806111.0,-49317778.0,,
1438492501,BR,Maçaranduba-Lote Riva,Pará,-4806111.0,-49317778.0,,
1438492500,BR,Maçaranduba-Lote Galbão,Pará,-4806111.0,-49317778.0,,
1438492499,BR,Maçaranduba-Lote Josias,Pará,-4806111.0,-49317778.0,,
1438492498,BR,Maçaranduba-Lote Joaquina,Pará,-4806111.0,-49317778.0,,
1438492497,BR,Maçaranduba-Lote Galbão,Pará,-4806111.0,-49317778.0,,
1438492496,BR,Maçaranduba-Lote Geni,Pará,-4806111.0,-49317778.0,,
1438492495,BR,Maçaranduba-Lote Jurandir,Pará,-4806111.0,-49317778.0,,
1438492494,BR,Maçaranduba-Lote Galbão,Pará,-4806111.0,-49317778.0,,
1438492493,BR,Maçaranduba-Lote Jurandir,Pará,-4806111.0,-49317778.0,,
1438492492,BR,Maçaranduba-Lote Riva,Pará,-4806111.0,-49317778.0,,
1438492491,BR,Maçaranduba-Lote Riva,Pará,-4806111.0,-49317778.0,,
1438492490,BR,Maçaranduba-Lote Zé Rondon,Pará,-4806111.0,-49317778.0,,
1438492489,BR,Maçaranduba-Lote Galbão,Pará,-4806111.0,-49317778.0,,
1438492488,BR,Maçaranduba-Lote Riva,Pará,-4806111.0,-49317778.0,,
1438492487,BR,Maçaranduba-Lote Geni,Pará,-4806111.0,-49317778.0,,
1438492486,BR,Maçaranduba-Lote Josias,Pará,-4806111.0,-49317778.0,,
1438492485,BR,Lote Egmar,Pará,-3705833.0,-51035.0,,
1438492484,BR,Maçaranduba-Lote Geni,Pará,-4806111.0,-49317778.0,,
1438492483,BR,Maçaranduba-Lote Geni,Pará,-5849722.0,-49865556.0,,
1438492482,BR,Maçaranduba-Lote Zé Rondon,Pará,-4806111.0,-49317778.0,,
1438492481,BR,Maçaranduba-Lote Zé Rondon,Pará,-4806111.0,-49317778.0,,
1438492480,BR,Maçaranduba-Lote Geni,Pará,-4806111.0,-49317778.0,,
1438492479,BR,Maçaranduba-Lote Jurandir,Pará,-4806111.0,-49317778.0,,
1438492478,BR,Palmares-Lote Mearim,Pará,-4806111.0,-49317778.0,,
1438492477,BR,Maçaranduba-Lote Josias,Pará,-4806111.0,-49317778.0,,
1438492476,BR,Maçaranduba-Lote Riva,Pará,-4806111.0,-49317778.0,,
1438492475,BR,Maçaranduba-Lote Galbão,Pará,-4806111.0,-49317778.0,,
1438492474,BR,Maçaranduba-Lote Zé Rondon,Pará,-4806111.0,-49317778.0,,
1438492473,BR,Maçaranduba-Lote Jurandir,Pará,-4806111.0,-49317778.0,,
1438492472,BR,Maçaranduba-Lote Jurandir,Pará,-4806111.0,-49317778.0,,
1438492471,BR,Maçaranduba-Lote Geni,Pará,-4806111.0,-49317778.0,,
